image,method,runtime_s,threshold,foreground,gaussian_sigma,min_size,closing_radius,true_objects,predicted_objects,true_positives,false_positives,false_negatives,precision,recall,f1,accuracy,mean_matched_iou,panoptic_quality,foreground_dice,foreground_iou,count_absolute_error,min_distance,marker_count,watershed_line,model,pmin,pmax,probability_threshold,nms_threshold
0bda515e370294ed94efd36bd53782288acacb040c171df2ed97fd691fc9d8fe.tif,Otsu,0.0048956999999063555,0.5,bright,1.0,20,1,53,38,28,10,25,0.7368421052631579,0.5283018867924528,0.6153846153846154,0.4444444444444444,0.7856965257241894,0.48350555429180886,0.8464673913043478,0.7338044758539458,15,,,,,,,,
0bda515e370294ed94efd36bd53782288acacb040c171df2ed97fd691fc9d8fe.tif,Otsu,0.0048956999999063555,0.75,bright,1.0,20,1,53,38,22,16,31,0.5789473684210527,0.41509433962264153,0.4835164835164835,0.3188405797101449,0.8222241769235518,0.39755894268831077,0.8464673913043478,0.7338044758539458,15,,,,,,,,
0bda515e370294ed94efd36bd53782288acacb040c171df2ed97fd691fc9d8fe.tif,Otsu,0.0048956999999063555,0.9,bright,1.0,20,1,53,38,1,37,52,0.02631578947368421,0.018867924528301886,0.02197802197802198,0.011111111111111112,0.9090909090909091,0.01998001998001998,0.8464673913043478,0.7338044758539458,15,,,,,,,,
0bda515e370294ed94efd36bd53782288acacb040c171df2ed97fd691fc9d8fe.tif,Watershed,0.009833700001763646,0.5,bright,1.0,20,1,53,42,33,9,20,0.7857142857142857,0.6226415094339622,0.6947368421052632,0.532258064516129,0.7735763157006657,0.5374319666973045,0.8374640558674518,0.72037691401649,11,9,42,False,,,,,
0bda515e370294ed94efd36bd53782288acacb040c171df2ed97fd691fc9d8fe.tif,Watershed,0.009833700001763646,0.75,bright,1.0,20,1,53,42,24,18,29,0.5714285714285714,0.4528301886792453,0.5052631578947369,0.3380281690140845,0.8215023421495135,0.41507486761238577,0.8374640558674518,0.72037691401649,11,9,42,False,,,,,
0bda515e370294ed94efd36bd53782288acacb040c171df2ed97fd691fc9d8fe.tif,Watershed,0.009833700001763646,0.9,bright,1.0,20,1,53,42,1,41,52,0.023809523809523808,0.018867924528301886,0.021052631578947368,0.010638297872340425,0.9090909090909091,0.019138755980861243,0.8374640558674518,0.72037691401649,11,9,42,False,,,,,
0bda515e370294ed94efd36bd53782288acacb040c171df2ed97fd691fc9d8fe.tif,StarDist Python,0.0645327999991423,0.5,,,,,53,47,44,3,9,0.9361702127659575,0.8301886792452831,0.88,0.7857142857142857,0.7744383431173081,0.6815057419432311,0.8647438430133018,0.7617169373549884,6,,,,2D_versatile_fluo,1.0,99.8,0.479071463157368,0.3
0bda515e370294ed94efd36bd53782288acacb040c171df2ed97fd691fc9d8fe.tif,StarDist Python,0.0645327999991423,0.75,,,,,53,47,29,18,24,0.6170212765957447,0.5471698113207547,0.58,0.4084507042253521,0.832098165049604,0.4826169357287703,0.8647438430133018,0.7617169373549884,6,,,,2D_versatile_fluo,1.0,99.8,0.479071463157368,0.3
0bda515e370294ed94efd36bd53782288acacb040c171df2ed97fd691fc9d8fe.tif,StarDist Python,0.0645327999991423,0.9,,,,,53,47,5,42,48,0.10638297872340426,0.09433962264150944,0.1,0.05263157894736842,0.9142976098379952,0.09142976098379953,0.8647438430133018,0.7617169373549884,6,,,,2D_versatile_fluo,1.0,99.8,0.479071463157368,0.3
0bf4b144167694b6846d584cf52c458f34f28fcae75328a2a096c8214e01c0d0.tif,Otsu,0.004587799998262199,0.5,bright,1.0,20,1,57,43,29,14,28,0.6744186046511628,0.5087719298245614,0.58,0.4084507042253521,0.7103795179541252,0.41202012041339264,0.8315061135509146,0.7116050183863292,14,,,,,,,,
0bf4b144167694b6846d584cf52c458f34f28fcae75328a2a096c8214e01c0d0.tif,Otsu,0.004587799998262199,0.75,bright,1.0,20,1,57,43,14,29,43,0.32558139534883723,0.24561403508771928,0.28,0.16279069767441862,0.806799674599427,0.22590390888783957,0.8315061135509146,0.7116050183863292,14,,,,,,,,
0bf4b144167694b6846d584cf52c458f34f28fcae75328a2a096c8214e01c0d0.tif,Otsu,0.004587799998262199,0.9,bright,1.0,20,1,57,43,1,42,56,0.023255813953488372,0.017543859649122806,0.02,0.010101010101010102,0.912751677852349,0.018255033557046982,0.8315061135509146,0.7116050183863292,14,,,,,,,,
0bf4b144167694b6846d584cf52c458f34f28fcae75328a2a096c8214e01c0d0.tif,Watershed,0.010540100000071106,0.5,bright,1.0,20,1,57,52,41,11,16,0.7884615384615384,0.7192982456140351,0.7522935779816514,0.6029411764705882,0.7357444877583259,0.5534958531759883,0.8315061135509146,0.7116050183863292,5,9,52,False,,,,,
0bf4b144167694b6846d584cf52c458f34f28fcae75328a2a096c8214e01c0d0.tif,Watershed,0.010540100000071106,0.75,bright,1.0,20,1,57,52,23,29,34,0.4423076923076923,0.40350877192982454,0.42201834862385323,0.26744186046511625,0.8182653639854808,0.34532299764524876,0.8315061135509146,0.7116050183863292,5,9,52,False,,,,,
0bf4b144167694b6846d584cf52c458f34f28fcae75328a2a096c8214e01c0d0.tif,Watershed,0.010540100000071106,0.9,bright,1.0,20,1,57,52,2,50,55,0.038461538461538464,0.03508771929824561,0.03669724770642202,0.018691588785046728,0.9077824885425427,0.0333131188455979,0.8315061135509146,0.7116050183863292,5,9,52,False,,,,,
0bf4b144167694b6846d584cf52c458f34f28fcae75328a2a096c8214e01c0d0.tif,StarDist Python,0.07785199999852921,0.5,,,,,57,50,47,3,10,0.94,0.8245614035087719,0.8785046728971962,0.7833333333333333,0.8348395431591495,0.7334104397846734,0.9043106249323081,0.8253348490090446,7,,,,2D_versatile_fluo,1.0,99.8,0.479071463157368,0.3
0bf4b144167694b6846d584cf52c458f34f28fcae75328a2a096c8214e01c0d0.tif,StarDist Python,0.07785199999852921,0.75,,,,,57,50,38,12,19,0.76,0.6666666666666666,0.7102803738317757,0.5507246376811594,0.8657141468231455,0.6148997678370005,0.9043106249323081,0.8253348490090446,7,,,,2D_versatile_fluo,1.0,99.8,0.479071463157368,0.3
0bf4b144167694b6846d584cf52c458f34f28fcae75328a2a096c8214e01c0d0.tif,StarDist Python,0.07785199999852921,0.9,,,,,57,50,14,36,43,0.28,0.24561403508771928,0.2616822429906542,0.15053763440860216,0.9148272131060992,0.23939403707449325,0.9043106249323081,0.8253348490090446,7,,,,2D_versatile_fluo,1.0,99.8,0.479071463157368,0.3
1b6044e4858a9b7cee9b0028d8e54fbc8fb72e6c4424ab5b9f3859bfc72b33c5.tif,Otsu,0.004901399999653222,0.5,bright,1.0,20,1,39,36,35,1,4,0.9722222222222222,0.8974358974358975,0.9333333333333333,0.875,0.8505896809046636,0.793883702177686,0.9318791346325764,0.8724472715098761,3,,,,,,,,
1b6044e4858a9b7cee9b0028d8e54fbc8fb72e6c4424ab5b9f3859bfc72b33c5.tif,Otsu,0.004901399999653222,0.75,bright,1.0,20,1,39,36,29,7,10,0.8055555555555556,0.7435897435897436,0.7733333333333333,0.6304347826086957,0.8884406185951368,0.6870607450469057,0.9318791346325764,0.8724472715098761,3,,,,,,,,
1b6044e4858a9b7cee9b0028d8e54fbc8fb72e6c4424ab5b9f3859bfc72b33c5.tif,Otsu,0.004901399999653222,0.9,bright,1.0,20,1,39,36,15,21,24,0.4166666666666667,0.38461538461538464,0.4,0.25,0.9307663343233159,0.37230653372932637,0.9318791346325764,0.8724472715098761,3,,,,,,,,
1b6044e4858a9b7cee9b0028d8e54fbc8fb72e6c4424ab5b9f3859bfc72b33c5.tif,Watershed,0.009750900000653928,0.5,bright,1.0,20,1,39,37,36,1,3,0.972972972972973,0.9230769230769231,0.9473684210526315,0.9,0.8600350883302784,0.8147700836813163,0.9318791346325764,0.8724472715098761,2,9,37,False,,,,,
1b6044e4858a9b7cee9b0028d8e54fbc8fb72e6c4424ab5b9f3859bfc72b33c5.tif,Watershed,0.009750900000653928,0.75,bright,1.0,20,1,39,37,31,6,8,0.8378378378378378,0.7948717948717948,0.8157894736842105,0.6888888888888889,0.8880861646674213,0.7244913448602648,0.9318791346325764,0.8724472715098761,2,9,37,False,,,,,
1b6044e4858a9b7cee9b0028d8e54fbc8fb72e6c4424ab5b9f3859bfc72b33c5.tif,Watershed,0.009750900000653928,0.9,bright,1.0,20,1,39,37,16,21,23,0.43243243243243246,0.41025641025641024,0.42105263157894735,0.26666666666666666,0.9309995519652265,0.3919998113537796,0.9318791346325764,0.8724472715098761,2,9,37,False,,,,,
1b6044e4858a9b7cee9b0028d8e54fbc8fb72e6c4424ab5b9f3859bfc72b33c5.tif,StarDist Python,0.06723920000149519,0.5,,,,,39,38,38,0,1,1.0,0.9743589743589743,0.987012987012987,0.9743589743589743,0.8729498231889484,0.8616128124981829,0.9432115433296768,0.8925263494091344,1,,,,2D_versatile_fluo,1.0,99.8,0.479071463157368,0.3
1b6044e4858a9b7cee9b0028d8e54fbc8fb72e6c4424ab5b9f3859bfc72b33c5.tif,StarDist Python,0.06723920000149519,0.75,,,,,39,38,37,1,2,0.9736842105263158,0.9487179487179487,0.961038961038961,0.925,0.8821551443244207,0.8477854633767159,0.9432115433296768,0.8925263494091344,1,,,,2D_versatile_fluo,1.0,99.8,0.479071463157368,0.3
1b6044e4858a9b7cee9b0028d8e54fbc8fb72e6c4424ab5b9f3859bfc72b33c5.tif,StarDist Python,0.06723920000149519,0.9,,,,,39,38,13,25,26,0.34210526315789475,0.3333333333333333,0.33766233766233766,0.203125,0.9194242002497698,0.3104549247596625,0.9432115433296768,0.8925263494091344,1,,,,2D_versatile_fluo,1.0,99.8,0.479071463157368,0.3
1c2f9e121fc207efff79d46390df1a740566b683ff56a96d8cabe830a398dd2e.tif,Otsu,0.004608700000972021,0.5,bright,1.0,20,1,12,9,8,1,4,0.8888888888888888,0.6666666666666666,0.7619047619047619,0.6153846153846154,0.8131523356630277,0.6195446366956402,0.9214125331700347,0.8542770628311885,3,,,,,,,,
1c2f9e121fc207efff79d46390df1a740566b683ff56a96d8cabe830a398dd2e.tif,Otsu,0.004608700000972021,0.75,bright,1.0,20,1,12,9,6,3,6,0.6666666666666666,0.5,0.5714285714285714,0.4,0.8782673445606703,0.5018670540346688,0.9214125331700347,0.8542770628311885,3,,,,,,,,
1c2f9e121fc207efff79d46390df1a740566b683ff56a96d8cabe830a398dd2e.tif,Otsu,0.004608700000972021,0.9,bright,1.0,20,1,12,9,3,6,9,0.3333333333333333,0.25,0.2857142857142857,0.16666666666666666,0.9166263454827285,0.26189324156649385,0.9214125331700347,0.8542770628311885,3,,,,,,,,
1c2f9e121fc207efff79d46390df1a740566b683ff56a96d8cabe830a398dd2e.tif,Watershed,0.008655199999338947,0.5,bright,1.0,20,1,12,11,11,0,1,1.0,0.9166666666666666,0.9565217391304348,0.9166666666666666,0.8218812255871658,0.786147259257289,0.9214125331700347,0.8542770628311885,1,9,11,False,,,,,
1c2f9e121fc207efff79d46390df1a740566b683ff56a96d8cabe830a398dd2e.tif,Watershed,0.008655199999338947,0.75,bright,1.0,20,1,12,11,9,2,3,0.8181818181818182,0.75,0.782608695652174,0.6428571428571429,0.8657548495180485,0.6775472735358641,0.9214125331700347,0.8542770628311885,1,9,11,False,,,,,
1c2f9e121fc207efff79d46390df1a740566b683ff56a96d8cabe830a398dd2e.tif,Watershed,0.008655199999338947,0.9,bright,1.0,20,1,12,11,3,8,9,0.2727272727272727,0.25,0.2608695652173913,0.15,0.9166263454827285,0.23911991621288567,0.9214125331700347,0.8542770628311885,1,9,11,False,,,,,
1c2f9e121fc207efff79d46390df1a740566b683ff56a96d8cabe830a398dd2e.tif,StarDist Python,0.06178060000092955,0.5,,,,,12,12,11,1,1,0.9166666666666666,0.9166666666666666,0.9166666666666666,0.8461538461538461,0.8706046454118163,0.7980542582941649,0.9120092825372268,0.8382509776039815,0,,,,2D_versatile_fluo,1.0,99.8,0.479071463157368,0.3
1c2f9e121fc207efff79d46390df1a740566b683ff56a96d8cabe830a398dd2e.tif,StarDist Python,0.06178060000092955,0.75,,,,,12,12,11,1,1,0.9166666666666666,0.9166666666666666,0.9166666666666666,0.8461538461538461,0.8706046454118163,0.7980542582941649,0.9120092825372268,0.8382509776039815,0,,,,2D_versatile_fluo,1.0,99.8,0.479071463157368,0.3
1c2f9e121fc207efff79d46390df1a740566b683ff56a96d8cabe830a398dd2e.tif,StarDist Python,0.06178060000092955,0.9,,,,,12,12,2,10,10,0.16666666666666666,0.16666666666666666,0.16666666666666666,0.09090909090909091,0.9301630663514,0.15502717772523333,0.9120092825372268,0.8382509776039815,0,,,,2D_versatile_fluo,1.0,99.8,0.479071463157368,0.3
1db1cddf28e305c9478519cfac144eee2242183fe59061f1f15487e925e8f5b5.tif,Otsu,0.004435299997567199,0.5,bright,1.0,20,1,9,8,8,0,1,1.0,0.8888888888888888,0.9411764705882353,0.8888888888888888,0.9265405751865207,0.872038188410843,0.9514031485284052,0.9073107049608355,1,,,,,,,,
1db1cddf28e305c9478519cfac144eee2242183fe59061f1f15487e925e8f5b5.tif,Otsu,0.004435299997567199,0.75,bright,1.0,20,1,9,8,8,0,1,1.0,0.8888888888888888,0.9411764705882353,0.8888888888888888,0.9265405751865207,0.872038188410843,0.9514031485284052,0.9073107049608355,1,,,,,,,,
1db1cddf28e305c9478519cfac144eee2242183fe59061f1f15487e925e8f5b5.tif,Otsu,0.004435299997567199,0.9,bright,1.0,20,1,9,8,6,2,3,0.75,0.6666666666666666,0.7058823529411765,0.5454545454545454,0.9571850038342338,0.6756600027065179,0.9514031485284052,0.9073107049608355,1,,,,,,,,
1db1cddf28e305c9478519cfac144eee2242183fe59061f1f15487e925e8f5b5.tif,Watershed,0.007767399998556357,0.5,bright,1.0,20,1,9,8,8,0,1,1.0,0.8888888888888888,0.9411764705882353,0.8888888888888888,0.9265405751865207,0.872038188410843,0.9514031485284052,0.9073107049608355,1,9,8,False,,,,,
1db1cddf28e305c9478519cfac144eee2242183fe59061f1f15487e925e8f5b5.tif,Watershed,0.007767399998556357,0.75,bright,1.0,20,1,9,8,8,0,1,1.0,0.8888888888888888,0.9411764705882353,0.8888888888888888,0.9265405751865207,0.872038188410843,0.9514031485284052,0.9073107049608355,1,9,8,False,,,,,
1db1cddf28e305c9478519cfac144eee2242183fe59061f1f15487e925e8f5b5.tif,Watershed,0.007767399998556357,0.9,bright,1.0,20,1,9,8,6,2,3,0.75,0.6666666666666666,0.7058823529411765,0.5454545454545454,0.9571850038342338,0.6756600027065179,0.9514031485284052,0.9073107049608355,1,9,8,False,,,,,
1db1cddf28e305c9478519cfac144eee2242183fe59061f1f15487e925e8f5b5.tif,StarDist Python,0.06286610000097426,0.5,,,,,9,8,8,0,1,1.0,0.8888888888888888,0.9411764705882353,0.8888888888888888,0.9018484795065167,0.8487985689473099,0.93547308592444,0.8787688442211056,1,,,,2D_versatile_fluo,1.0,99.8,0.479071463157368,0.3
1db1cddf28e305c9478519cfac144eee2242183fe59061f1f15487e925e8f5b5.tif,StarDist Python,0.06286610000097426,0.75,,,,,9,8,8,0,1,1.0,0.8888888888888888,0.9411764705882353,0.8888888888888888,0.9018484795065167,0.8487985689473099,0.93547308592444,0.8787688442211056,1,,,,2D_versatile_fluo,1.0,99.8,0.479071463157368,0.3
1db1cddf28e305c9478519cfac144eee2242183fe59061f1f15487e925e8f5b5.tif,StarDist Python,0.06286610000097426,0.9,,,,,9,8,4,4,5,0.5,0.4444444444444444,0.47058823529411764,0.3076923076923077,0.9237939268087195,0.4347265537923386,0.93547308592444,0.8787688442211056,1,,,,2D_versatile_fluo,1.0,99.8,0.479071463157368,0.3
1f9e429c12f4477221b5b855a5f494fda2ef6d064ff75b061ffaf093e91758c5.tif,Otsu,0.004961499998898944,0.5,bright,1.0,20,1,77,58,50,8,27,0.8620689655172413,0.6493506493506493,0.7407407407407407,0.5882352941176471,0.8014957142683607,0.5937005290876747,0.8836591383564244,0.791567494049643,19,,,,,,,,
1f9e429c12f4477221b5b855a5f494fda2ef6d064ff75b061ffaf093e91758c5.tif,Otsu,0.004961499998898944,0.75,bright,1.0,20,1,77,58,37,21,40,0.6379310344827587,0.4805194805194805,0.5481481481481482,0.37755102040816324,0.8502333987761788,0.46605386303286833,0.8836591383564244,0.791567494049643,19,,,,,,,,
1f9e429c12f4477221b5b855a5f494fda2ef6d064ff75b061ffaf093e91758c5.tif,Otsu,0.004961499998898944,0.9,bright,1.0,20,1,77,58,8,50,69,0.13793103448275862,0.1038961038961039,0.11851851851851852,0.06299212598425197,0.9238920607305207,0.10949831830880245,0.8836591383564244,0.791567494049643,19,,,,,,,,
1f9e429c12f4477221b5b855a5f494fda2ef6d064ff75b061ffaf093e91758c5.tif,Watershed,0.010289799996826332,0.5,bright,1.0,20,1,77,61,52,9,25,0.8524590163934426,0.6753246753246753,0.7536231884057971,0.6046511627906976,0.8058260584817377,0.6072892034934835,0.8814300656080631,0.7879972798367902,16,9,61,False,,,,,
1f9e429c12f4477221b5b855a5f494fda2ef6d064ff75b061ffaf093e91758c5.tif,Watershed,0.010289799996826332,0.75,bright,1.0,20,1,77,61,39,22,38,0.639344262295082,0.5064935064935064,0.5652173913043478,0.3939393939393939,0.8505886145442995,0.4807674777859084,0.8814300656080631,0.7879972798367902,16,9,61,False,,,,,
1f9e429c12f4477221b5b855a5f494fda2ef6d064ff75b061ffaf093e91758c5.tif,Watershed,0.010289799996826332,0.9,bright,1.0,20,1,77,61,9,52,68,0.14754098360655737,0.11688311688311688,0.13043478260869565,0.06976744186046512,0.9215083900260453,0.12019674652513634,0.8814300656080631,0.7879972798367902,16,9,61,False,,,,,
1f9e429c12f4477221b5b855a5f494fda2ef6d064ff75b061ffaf093e91758c5.tif,StarDist Python,0.0677438999991864,0.5,,,,,77,64,60,4,17,0.9375,0.7792207792207793,0.851063829787234,0.7407407407407407,0.7852183516735983,0.6682709375945517,0.8693697911789493,0.7689249627298327,13,,,,2D_versatile_fluo,1.0,99.8,0.479071463157368,0.3
1f9e429c12f4477221b5b855a5f494fda2ef6d064ff75b061ffaf093e91758c5.tif,StarDist Python,0.0677438999991864,0.75,,,,,77,64,45,19,32,0.703125,0.5844155844155844,0.6382978723404256,0.46875,0.8295818801295443,0.529520349018858,0.8693697911789493,0.7689249627298327,13,,,,2D_versatile_fluo,1.0,99.8,0.479071463157368,0.3
1f9e429c12f4477221b5b855a5f494fda2ef6d064ff75b061ffaf093e91758c5.tif,StarDist Python,0.0677438999991864,0.9,,,,,77,64,4,60,73,0.0625,0.05194805194805195,0.05673758865248227,0.029197080291970802,0.9137736724455949,0.051845314748686235,0.8693697911789493,0.7689249627298327,13,,,,2D_versatile_fluo,1.0,99.8,0.479071463157368,0.3
2817299fd3b88670e86a9db5651ba24333c299d1d41e5491aabfcd95aee84174.tif,Otsu,0.004678000001149485,0.5,bright,1.0,20,1,16,15,15,0,1,1.0,0.9375,0.967741935483871,0.9375,0.8557763428133323,0.8281706543354829,0.9268011527377522,0.8635875402792696,1,,,,,,,,
2817299fd3b88670e86a9db5651ba24333c299d1d41e5491aabfcd95aee84174.tif,Otsu,0.004678000001149485,0.75,bright,1.0,20,1,16,15,13,2,3,0.8666666666666667,0.8125,0.8387096774193549,0.7222222222222222,0.8904752399014862,0.7468502012076982,0.9268011527377522,0.8635875402792696,1,,,,,,,,
2817299fd3b88670e86a9db5651ba24333c299d1d41e5491aabfcd95aee84174.tif,Otsu,0.004678000001149485,0.9,bright,1.0,20,1,16,15,8,7,8,0.5333333333333333,0.5,0.5161290322580645,0.34782608695652173,0.947409547223224,0.4889855727603737,0.9268011527377522,0.8635875402792696,1,,,,,,,,
2817299fd3b88670e86a9db5651ba24333c299d1d41e5491aabfcd95aee84174.tif,Watershed,0.009079400002519833,0.5,bright,1.0,20,1,16,16,16,0,0,1.0,1.0,1.0,1.0,0.8701262786840551,0.8701262786840551,0.9268011527377522,0.8635875402792696,0,9,16,False,,,,,
2817299fd3b88670e86a9db5651ba24333c299d1d41e5491aabfcd95aee84174.tif,Watershed,0.009079400002519833,0.75,bright,1.0,20,1,16,16,15,1,1,0.9375,0.9375,0.9375,0.8823529411764706,0.8820409472629923,0.8269133880590553,0.9268011527377522,0.8635875402792696,0,9,16,False,,,,,
2817299fd3b88670e86a9db5651ba24333c299d1d41e5491aabfcd95aee84174.tif,Watershed,0.009079400002519833,0.9,bright,1.0,20,1,16,16,8,8,8,0.5,0.5,0.5,0.3333333333333333,0.947409547223224,0.473704773611612,0.9268011527377522,0.8635875402792696,0,9,16,False,,,,,
2817299fd3b88670e86a9db5651ba24333c299d1d41e5491aabfcd95aee84174.tif,StarDist Python,0.06515940000099363,0.5,,,,,16,16,16,0,0,1.0,1.0,1.0,1.0,0.8917123057083118,0.8917123057083118,0.9408939785740672,0.8883850715033136,0,,,,2D_versatile_fluo,1.0,99.8,0.479071463157368,0.3
2817299fd3b88670e86a9db5651ba24333c299d1d41e5491aabfcd95aee84174.tif,StarDist Python,0.06515940000099363,0.75,,,,,16,16,16,0,0,1.0,1.0,1.0,1.0,0.8917123057083118,0.8917123057083118,0.9408939785740672,0.8883850715033136,0,,,,2D_versatile_fluo,1.0,99.8,0.479071463157368,0.3
2817299fd3b88670e86a9db5651ba24333c299d1d41e5491aabfcd95aee84174.tif,StarDist Python,0.06515940000099363,0.9,,,,,16,16,9,7,7,0.5625,0.5625,0.5625,0.391304347826087,0.92462993740331,0.5201043397893619,0.9408939785740672,0.8883850715033136,0,,,,2D_versatile_fluo,1.0,99.8,0.479071463157368,0.3
2cfa857e63be1b418c91ad5ea1f8d136fd1b80fc856e1d4277274c3dea28011c.tif,Otsu,0.004860299999563722,0.5,bright,1.0,20,1,11,9,9,0,2,1.0,0.8181818181818182,0.9,0.8181818181818182,0.8923735153982394,0.8031361638584155,0.8947176684881603,0.8094924192485168,2,,,,,,,,
2cfa857e63be1b418c91ad5ea1f8d136fd1b80fc856e1d4277274c3dea28011c.tif,Otsu,0.004860299999563722,0.75,bright,1.0,20,1,11,9,8,1,3,0.8888888888888888,0.7272727272727273,0.8,0.6666666666666666,0.9130111139139284,0.7304088911311427,0.8947176684881603,0.8094924192485168,2,,,,,,,,
2cfa857e63be1b418c91ad5ea1f8d136fd1b80fc856e1d4277274c3dea28011c.tif,Otsu,0.004860299999563722,0.9,bright,1.0,20,1,11,9,5,4,6,0.5555555555555556,0.45454545454545453,0.5,0.3333333333333333,0.9745608913540604,0.4872804456770302,0.8947176684881603,0.8094924192485168,2,,,,,,,,
2cfa857e63be1b418c91ad5ea1f8d136fd1b80fc856e1d4277274c3dea28011c.tif,Watershed,0.009031100002175663,0.5,bright,1.0,20,1,11,9,9,0,2,1.0,0.8181818181818182,0.9,0.8181818181818182,0.8923735153982394,0.8031361638584155,0.8947176684881603,0.8094924192485168,2,9,9,False,,,,,
2cfa857e63be1b418c91ad5ea1f8d136fd1b80fc856e1d4277274c3dea28011c.tif,Watershed,0.009031100002175663,0.75,bright,1.0,20,1,11,9,8,1,3,0.8888888888888888,0.7272727272727273,0.8,0.6666666666666666,0.9130111139139284,0.7304088911311427,0.8947176684881603,0.8094924192485168,2,9,9,False,,,,,
2cfa857e63be1b418c91ad5ea1f8d136fd1b80fc856e1d4277274c3dea28011c.tif,Watershed,0.009031100002175663,0.9,bright,1.0,20,1,11,9,5,4,6,0.5555555555555556,0.45454545454545453,0.5,0.3333333333333333,0.9745608913540604,0.4872804456770302,0.8947176684881603,0.8094924192485168,2,9,9,False,,,,,
2cfa857e63be1b418c91ad5ea1f8d136fd1b80fc856e1d4277274c3dea28011c.tif,StarDist Python,0.06445529999837163,0.5,,,,,11,9,9,0,2,1.0,0.8181818181818182,0.9,0.8181818181818182,0.836370834042284,0.7527337506380556,0.884277172001407,0.7925598991172762,2,,,,2D_versatile_fluo,1.0,99.8,0.479071463157368,0.3
2cfa857e63be1b418c91ad5ea1f8d136fd1b80fc856e1d4277274c3dea28011c.tif,StarDist Python,0.06445529999837163,0.75,,,,,11,9,7,2,4,0.7777777777777778,0.6363636363636364,0.7,0.5384615384615384,0.8696278637912559,0.6087395046538792,0.884277172001407,0.7925598991172762,2,,,,2D_versatile_fluo,1.0,99.8,0.479071463157368,0.3
2cfa857e63be1b418c91ad5ea1f8d136fd1b80fc856e1d4277274c3dea28011c.tif,StarDist Python,0.06445529999837163,0.9,,,,,11,9,3,6,8,0.3333333333333333,0.2727272727272727,0.3,0.17647058823529413,0.9217901558942021,0.27653704676826063,0.884277172001407,0.7925598991172762,2,,,,2D_versatile_fluo,1.0,99.8,0.479071463157368,0.3
33618678c167c5e07be02c49d0c43bcd90493ba5d83110a631409a4d3ccc1e51.tif,Otsu,0.008273200000985526,0.5,bright,1.0,20,1,19,18,18,0,1,1.0,0.9473684210526315,0.972972972972973,0.9473684210526315,0.9011057006009262,0.8767514924765768,0.9622460776218001,0.9272391622636705,1,,,,,,,,
33618678c167c5e07be02c49d0c43bcd90493ba5d83110a631409a4d3ccc1e51.tif,Otsu,0.008273200000985526,0.75,bright,1.0,20,1,19,18,17,1,2,0.9444444444444444,0.8947368421052632,0.918918918918919,0.85,0.9237873117181749,0.8488856377950796,0.9622460776218001,0.9272391622636705,1,,,,,,,,
33618678c167c5e07be02c49d0c43bcd90493ba5d83110a631409a4d3ccc1e51.tif,Otsu,0.008273200000985526,0.9,bright,1.0,20,1,19,18,13,5,6,0.7222222222222222,0.6842105263157895,0.7027027027027027,0.5416666666666666,0.9479229647312964,0.6661080292706407,0.9622460776218001,0.9272391622636705,1,,,,,,,,
33618678c167c5e07be02c49d0c43bcd90493ba5d83110a631409a4d3ccc1e51.tif,Watershed,0.02032340000005206,0.5,bright,1.0,20,1,19,22,19,3,0,0.8636363636363636,1.0,0.926829268292683,0.8636363636363636,0.862123742755439,0.7990415176757728,0.9622460776218001,0.9272391622636705,3,9,22,False,,,,,
33618678c167c5e07be02c49d0c43bcd90493ba5d83110a631409a4d3ccc1e51.tif,Watershed,0.02032340000005206,0.75,bright,1.0,20,1,19,22,16,6,3,0.7272727272727273,0.8421052631578947,0.7804878048780488,0.64,0.9183635832363632,0.7167715771600884,0.9622460776218001,0.9272391622636705,3,9,22,False,,,,,
33618678c167c5e07be02c49d0c43bcd90493ba5d83110a631409a4d3ccc1e51.tif,Watershed,0.02032340000005206,0.9,bright,1.0,20,1,19,22,12,10,7,0.5454545454545454,0.631578947368421,0.5853658536585366,0.41379310344827586,0.9427026311733075,0.5518259304429117,0.9622460776218001,0.9272391622636705,3,9,22,False,,,,,
33618678c167c5e07be02c49d0c43bcd90493ba5d83110a631409a4d3ccc1e51.tif,StarDist Python,0.3313559999987774,0.5,,,,,19,18,18,0,1,1.0,0.9473684210526315,0.972972972972973,0.9473684210526315,0.9258673344006579,0.9008438929303698,0.9608141525584935,0.9245835621453414,1,,,,2D_versatile_fluo,1.0,99.8,0.479071463157368,0.3
33618678c167c5e07be02c49d0c43bcd90493ba5d83110a631409a4d3ccc1e51.tif,StarDist Python,0.3313559999987774,0.75,,,,,19,18,18,0,1,1.0,0.9473684210526315,0.972972972972973,0.9473684210526315,0.9258673344006579,0.9008438929303698,0.9608141525584935,0.9245835621453414,1,,,,2D_versatile_fluo,1.0,99.8,0.479071463157368,0.3
33618678c167c5e07be02c49d0c43bcd90493ba5d83110a631409a4d3ccc1e51.tif,StarDist Python,0.3313559999987774,0.9,,,,,19,18,15,3,4,0.8333333333333334,0.7894736842105263,0.8108108108108109,0.6818181818181818,0.9331779206199131,0.7566307464485782,0.9608141525584935,0.9245835621453414,1,,,,2D_versatile_fluo,1.0,99.8,0.479071463157368,0.3
3477024fd843e46097840360f9cdee24b76bf5c593ed27a9aee7a5728a06aa51.tif,Otsu,0.024046300000918563,0.5,bright,1.0,20,1,23,22,21,1,2,0.9545454545454546,0.9130434782608695,0.9333333333333333,0.875,0.8966590059552753,0.8368817388915902,0.954668337452284,0.9132683641529957,1,,,,,,,,
3477024fd843e46097840360f9cdee24b76bf5c593ed27a9aee7a5728a06aa51.tif,Otsu,0.024046300000918563,0.75,bright,1.0,20,1,23,22,18,4,5,0.8181818181818182,0.782608695652174,0.8,0.6666666666666666,0.9348706270484024,0.7478965016387219,0.954668337452284,0.9132683641529957,1,,,,,,,,
3477024fd843e46097840360f9cdee24b76bf5c593ed27a9aee7a5728a06aa51.tif,Otsu,0.024046300000918563,0.9,bright,1.0,20,1,23,22,14,8,9,0.6363636363636364,0.6086956521739131,0.6222222222222222,0.45161290322580644,0.9569496882728217,0.595435361591978,0.954668337452284,0.9132683641529957,1,,,,,,,,
3477024fd843e46097840360f9cdee24b76bf5c593ed27a9aee7a5728a06aa51.tif,Watershed,0.05387049999990268,0.5,bright,1.0,20,1,23,25,20,5,3,0.8,0.8695652173913043,0.8333333333333334,0.7142857142857143,0.9270756756963111,0.7725630630802592,0.954668337452284,0.9132683641529957,2,9,25,False,,,,,
3477024fd843e46097840360f9cdee24b76bf5c593ed27a9aee7a5728a06aa51.tif,Watershed,0.05387049999990268,0.75,bright,1.0,20,1,23,25,19,6,4,0.76,0.8260869565217391,0.7916666666666666,0.6551724137931034,0.9388005113925193,0.7432170715190778,0.954668337452284,0.9132683641529957,2,9,25,False,,,,,
3477024fd843e46097840360f9cdee24b76bf5c593ed27a9aee7a5728a06aa51.tif,Watershed,0.05387049999990268,0.9,bright,1.0,20,1,23,25,16,9,7,0.64,0.6956521739130435,0.6666666666666666,0.5,0.9560576078471547,0.6373717385647698,0.954668337452284,0.9132683641529957,2,9,25,False,,,,,
3477024fd843e46097840360f9cdee24b76bf5c593ed27a9aee7a5728a06aa51.tif,StarDist Python,0.17587809999895399,0.5,,,,,23,23,23,0,0,1.0,1.0,1.0,1.0,0.9427698545412019,0.9427698545412019,0.9729358610914245,0.947298054944581,0,,,,2D_versatile_fluo,1.0,99.8,0.479071463157368,0.3
3477024fd843e46097840360f9cdee24b76bf5c593ed27a9aee7a5728a06aa51.tif,StarDist Python,0.17587809999895399,0.75,,,,,23,23,23,0,0,1.0,1.0,1.0,1.0,0.9427698545412019,0.9427698545412019,0.9729358610914245,0.947298054944581,0,,,,2D_versatile_fluo,1.0,99.8,0.479071463157368,0.3
3477024fd843e46097840360f9cdee24b76bf5c593ed27a9aee7a5728a06aa51.tif,StarDist Python,0.17587809999895399,0.9,,,,,23,23,22,1,1,0.9565217391304348,0.9565217391304348,0.9565217391304348,0.9166666666666666,0.9455567130855589,0.9044455516470563,0.9729358610914245,0.947298054944581,0,,,,2D_versatile_fluo,1.0,99.8,0.479071463157368,0.3
3582166ee20755856adf4882a8bfacb616fce4247911605a109c4862de421bcd.tif,Otsu,0.004608600000210572,0.5,bright,1.0,20,1,44,21,10,11,34,0.47619047619047616,0.22727272727272727,0.3076923076923077,0.18181818181818182,0.6775265384845481,0.20846970414909172,0.7557128114403656,0.6073459715639811,23,,,,,,,,
3582166ee20755856adf4882a8bfacb616fce4247911605a109c4862de421bcd.tif,Otsu,0.004608600000210572,0.75,bright,1.0,20,1,44,21,2,19,42,0.09523809523809523,0.045454545454545456,0.06153846153846154,0.031746031746031744,0.8553240740740741,0.05263532763532763,0.7557128114403656,0.6073459715639811,23,,,,,,,,
3582166ee20755856adf4882a8bfacb616fce4247911605a109c4862de421bcd.tif,Otsu,0.004608600000210572,0.9,bright,1.0,20,1,44,21,0,21,44,0.0,0.0,0.0,0.0,0.0,0.0,0.7557128114403656,0.6073459715639811,23,,,,,,,,
3582166ee20755856adf4882a8bfacb616fce4247911605a109c4862de421bcd.tif,Watershed,0.008892300000297837,0.5,bright,1.0,20,1,44,28,20,8,24,0.7142857142857143,0.45454545454545453,0.5555555555555556,0.38461538461538464,0.6907654597768561,0.38375858876492003,0.7557128114403656,0.6073459715639811,16,9,28,False,,,,,
3582166ee20755856adf4882a8bfacb616fce4247911605a109c4862de421bcd.tif,Watershed,0.008892300000297837,0.75,bright,1.0,20,1,44,28,7,21,37,0.25,0.1590909090909091,0.19444444444444445,0.1076923076923077,0.810684348881213,0.15763306783801365,0.7557128114403656,0.6073459715639811,16,9,28,False,,,,,
3582166ee20755856adf4882a8bfacb616fce4247911605a109c4862de421bcd.tif,Watershed,0.008892300000297837,0.9,bright,1.0,20,1,44,28,0,28,44,0.0,0.0,0.0,0.0,0.0,0.0,0.7557128114403656,0.6073459715639811,16,9,28,False,,,,,
3582166ee20755856adf4882a8bfacb616fce4247911605a109c4862de421bcd.tif,StarDist Python,0.06521499999871594,0.5,,,,,44,40,37,3,7,0.925,0.8409090909090909,0.8809523809523809,0.7872340425531915,0.7747421935182183,0.6825109800041447,0.8517608517608518,0.7417974322396577,4,,,,2D_versatile_fluo,1.0,99.8,0.479071463157368,0.3
3582166ee20755856adf4882a8bfacb616fce4247911605a109c4862de421bcd.tif,StarDist Python,0.06521499999871594,0.75,,,,,44,40,26,14,18,0.65,0.5909090909090909,0.6190476190476191,0.4482758620689655,0.815292830762255,0.5047050857099674,0.8517608517608518,0.7417974322396577,4,,,,2D_versatile_fluo,1.0,99.8,0.479071463157368,0.3
3582166ee20755856adf4882a8bfacb616fce4247911605a109c4862de421bcd.tif,StarDist Python,0.06521499999871594,0.9,,,,,44,40,0,40,44,0.0,0.0,0.0,0.0,0.0,0.0,0.8517608517608518,0.7417974322396577,4,,,,2D_versatile_fluo,1.0,99.8,0.479071463157368,0.3
3bfd6bb152310f93daa6f4e1867c10572946e874b3a30c9ba8e0fcdeb590300b.tif,Otsu,0.004553200000373181,0.5,bright,1.0,20,1,32,30,28,2,4,0.9333333333333333,0.875,0.9032258064516129,0.8235294117647058,0.6979472661043511,0.630403982287801,0.8205001847973389,0.6956340087737622,2,,,,,,,,
3bfd6bb152310f93daa6f4e1867c10572946e874b3a30c9ba8e0fcdeb590300b.tif,Otsu,0.004553200000373181,0.75,bright,1.0,20,1,32,30,4,26,28,0.13333333333333333,0.125,0.12903225806451613,0.06896551724137931,0.8020698472096529,0.10349288351092295,0.8205001847973389,0.6956340087737622,2,,,,,,,,
3bfd6bb152310f93daa6f4e1867c10572946e874b3a30c9ba8e0fcdeb590300b.tif,Otsu,0.004553200000373181,0.9,bright,1.0,20,1,32,30,0,30,32,0.0,0.0,0.0,0.0,0.0,0.0,0.8205001847973389,0.6956340087737622,2,,,,,,,,
3bfd6bb152310f93daa6f4e1867c10572946e874b3a30c9ba8e0fcdeb590300b.tif,Watershed,0.00965619999988121,0.5,bright,1.0,20,1,32,30,28,2,4,0.9333333333333333,0.875,0.9032258064516129,0.8235294117647058,0.6979472661043511,0.630403982287801,0.8205001847973389,0.6956340087737622,2,9,30,False,,,,,
3bfd6bb152310f93daa6f4e1867c10572946e874b3a30c9ba8e0fcdeb590300b.tif,Watershed,0.00965619999988121,0.75,bright,1.0,20,1,32,30,4,26,28,0.13333333333333333,0.125,0.12903225806451613,0.06896551724137931,0.8020698472096529,0.10349288351092295,0.8205001847973389,0.6956340087737622,2,9,30,False,,,,,
3bfd6bb152310f93daa6f4e1867c10572946e874b3a30c9ba8e0fcdeb590300b.tif,Watershed,0.00965619999988121,0.9,bright,1.0,20,1,32,30,0,30,32,0.0,0.0,0.0,0.0,0.0,0.0,0.8205001847973389,0.6956340087737622,2,9,30,False,,,,,
3bfd6bb152310f93daa6f4e1867c10572946e874b3a30c9ba8e0fcdeb590300b.tif,StarDist Python,0.07224029999997583,0.5,,,,,32,27,24,3,8,0.8888888888888888,0.75,0.8135593220338984,0.6857142857142857,0.8085441231244962,0.6577986086436579,0.8475408087058572,0.7354193667839289,5,,,,2D_versatile_fluo,1.0,99.8,0.479071463157368,0.3
3bfd6bb152310f93daa6f4e1867c10572946e874b3a30c9ba8e0fcdeb590300b.tif,StarDist Python,0.07224029999997583,0.75,,,,,32,27,17,10,15,0.6296296296296297,0.53125,0.576271186440678,0.40476190476190477,0.870503142783716,0.5016458788923109,0.8475408087058572,0.7354193667839289,5,,,,2D_versatile_fluo,1.0,99.8,0.479071463157368,0.3
3bfd6bb152310f93daa6f4e1867c10572946e874b3a30c9ba8e0fcdeb590300b.tif,StarDist Python,0.07224029999997583,0.9,,,,,32,27,7,20,25,0.25925925925925924,0.21875,0.23728813559322035,0.1346153846153846,0.9315199286316943,0.22103862713294442,0.8475408087058572,0.7354193667839289,5,,,,2D_versatile_fluo,1.0,99.8,0.479071463157368,0.3
43cf6b2ec0b0745ac2b87b4d8780f62e9050d3f5d50a1fcefa42d166191e84c6.tif,Otsu,0.022425200000725454,0.5,bright,1.0,20,1,23,22,22,0,1,1.0,0.9565217391304348,0.9777777777777777,0.9565217391304348,0.9230554568716645,0.9025431133856274,0.9724911115148055,0.9464551814714722,1,,,,,,,,
43cf6b2ec0b0745ac2b87b4d8780f62e9050d3f5d50a1fcefa42d166191e84c6.tif,Otsu,0.022425200000725454,0.75,bright,1.0,20,1,23,22,21,1,2,0.9545454545454546,0.9130434782608695,0.9333333333333333,0.875,0.9420561969450238,0.8792524504820223,0.9724911115148055,0.9464551814714722,1,,,,,,,,
43cf6b2ec0b0745ac2b87b4d8780f62e9050d3f5d50a1fcefa42d166191e84c6.tif,Otsu,0.022425200000725454,0.9,bright,1.0,20,1,23,22,19,3,4,0.8636363636363636,0.8260869565217391,0.8444444444444444,0.7307692307692307,0.9538519252904679,0.8054749591341729,0.9724911115148055,0.9464551814714722,1,,,,,,,,
43cf6b2ec0b0745ac2b87b4d8780f62e9050d3f5d50a1fcefa42d166191e84c6.tif,Watershed,0.05508249999911641,0.5,bright,1.0,20,1,23,23,23,0,0,1.0,1.0,1.0,1.0,0.9395108431016354,0.9395108431016354,0.9724911115148055,0.9464551814714722,0,9,23,False,,,,,
43cf6b2ec0b0745ac2b87b4d8780f62e9050d3f5d50a1fcefa42d166191e84c6.tif,Watershed,0.05508249999911641,0.75,bright,1.0,20,1,23,23,23,0,0,1.0,1.0,1.0,1.0,0.9395108431016354,0.9395108431016354,0.9724911115148055,0.9464551814714722,0,9,23,False,,,,,
43cf6b2ec0b0745ac2b87b4d8780f62e9050d3f5d50a1fcefa42d166191e84c6.tif,Watershed,0.05508249999911641,0.9,bright,1.0,20,1,23,23,21,2,2,0.9130434782608695,0.9130434782608695,0.9130434782608695,0.84,0.9499407540957618,0.8673372102613478,0.9724911115148055,0.9464551814714722,0,9,23,False,,,,,
43cf6b2ec0b0745ac2b87b4d8780f62e9050d3f5d50a1fcefa42d166191e84c6.tif,StarDist Python,0.16171729999769013,0.5,,,,,23,22,22,0,1,1.0,0.9565217391304348,0.9777777777777777,0.9565217391304348,0.9500764505714638,0.9289636405587647,0.9734109006473758,0.9481991395205901,1,,,,2D_versatile_fluo,1.0,99.8,0.479071463157368,0.3
43cf6b2ec0b0745ac2b87b4d8780f62e9050d3f5d50a1fcefa42d166191e84c6.tif,StarDist Python,0.16171729999769013,0.75,,,,,23,22,22,0,1,1.0,0.9565217391304348,0.9777777777777777,0.9565217391304348,0.9500764505714638,0.9289636405587647,0.9734109006473758,0.9481991395205901,1,,,,2D_versatile_fluo,1.0,99.8,0.479071463157368,0.3
43cf6b2ec0b0745ac2b87b4d8780f62e9050d3f5d50a1fcefa42d166191e84c6.tif,StarDist Python,0.16171729999769013,0.9,,,,,23,22,21,1,2,0.9545454545454546,0.9130434782608695,0.9333333333333333,0.875,0.9536322562775175,0.890056772525683,0.9734109006473758,0.9481991395205901,1,,,,2D_versatile_fluo,1.0,99.8,0.479071463157368,0.3
4d40de30a3db3bc4f241cb7f48e8497c11e8f20a99bf55788bdce17242029745.tif,Otsu,0.004567100000713253,0.5,bright,1.0,20,1,28,21,18,3,10,0.8571428571428571,0.6428571428571429,0.7346938775510204,0.5806451612903226,0.8096707492246306,0.5948601422874836,0.8702051041177391,0.7702328159645233,7,,,,,,,,
4d40de30a3db3bc4f241cb7f48e8497c11e8f20a99bf55788bdce17242029745.tif,Otsu,0.004567100000713253,0.75,bright,1.0,20,1,28,21,14,7,14,0.6666666666666666,0.5,0.5714285714285714,0.4,0.8462859846009779,0.48359199120055885,0.8702051041177391,0.7702328159645233,7,,,,,,,,
4d40de30a3db3bc4f241cb7f48e8497c11e8f20a99bf55788bdce17242029745.tif,Otsu,0.004567100000713253,0.9,bright,1.0,20,1,28,21,1,20,27,0.047619047619047616,0.03571428571428571,0.04081632653061224,0.020833333333333332,0.96,0.03918367346938775,0.8702051041177391,0.7702328159645233,7,,,,,,,,
4d40de30a3db3bc4f241cb7f48e8497c11e8f20a99bf55788bdce17242029745.tif,Watershed,0.009600400000636,0.5,bright,1.0,20,1,28,22,19,3,9,0.8636363636363636,0.6785714285714286,0.76,0.6129032258064516,0.8004994817215798,0.6083796061084006,0.8702051041177391,0.7702328159645233,6,9,22,False,,,,,
4d40de30a3db3bc4f241cb7f48e8497c11e8f20a99bf55788bdce17242029745.tif,Watershed,0.009600400000636,0.75,bright,1.0,20,1,28,22,14,8,14,0.6363636363636364,0.5,0.56,0.3888888888888889,0.8462859846009779,0.47392015137654764,0.8702051041177391,0.7702328159645233,6,9,22,False,,,,,
4d40de30a3db3bc4f241cb7f48e8497c11e8f20a99bf55788bdce17242029745.tif,Watershed,0.009600400000636,0.9,bright,1.0,20,1,28,22,1,21,27,0.045454545454545456,0.03571428571428571,0.04,0.02040816326530612,0.96,0.0384,0.8702051041177391,0.7702328159645233,6,9,22,False,,,,,
4d40de30a3db3bc4f241cb7f48e8497c11e8f20a99bf55788bdce17242029745.tif,StarDist Python,0.06274380000104429,0.5,,,,,28,30,27,3,1,0.9,0.9642857142857143,0.9310344827586207,0.8709677419354839,0.786840448125933,0.7325755896344893,0.8951322115384616,0.8101713353277128,2,,,,2D_versatile_fluo,1.0,99.8,0.479071463157368,0.3
4d40de30a3db3bc4f241cb7f48e8497c11e8f20a99bf55788bdce17242029745.tif,StarDist Python,0.06274380000104429,0.75,,,,,28,30,19,11,9,0.6333333333333333,0.6785714285714286,0.6551724137931034,0.48717948717948717,0.8511879182075511,0.557674842963568,0.8951322115384616,0.8101713353277128,2,,,,2D_versatile_fluo,1.0,99.8,0.479071463157368,0.3
4d40de30a3db3bc4f241cb7f48e8497c11e8f20a99bf55788bdce17242029745.tif,StarDist Python,0.06274380000104429,0.9,,,,,28,30,3,27,25,0.1,0.10714285714285714,0.10344827586206896,0.05454545454545454,0.9318366076426985,0.0963968904457964,0.8951322115384616,0.8101713353277128,2,,,,2D_versatile_fluo,1.0,99.8,0.479071463157368,0.3
4dbbb275960ab9e4ec2c66c8d3000f7c70c8dce5112df591b95db84e25efa6e9.tif,Otsu,0.021674800002074335,0.5,bright,1.0,20,1,183,117,76,41,107,0.6495726495726496,0.41530054644808745,0.5066666666666667,0.3392857142857143,0.7399466687395376,0.3749063121613657,0.8374150217052994,0.7203043539523742,66,,,,,,,,
4dbbb275960ab9e4ec2c66c8d3000f7c70c8dce5112df591b95db84e25efa6e9.tif,Otsu,0.021674800002074335,0.75,bright,1.0,20,1,183,117,40,77,143,0.3418803418803419,0.2185792349726776,0.26666666666666666,0.15384615384615385,0.8498730761895482,0.22663282031721285,0.8374150217052994,0.7203043539523742,66,,,,,,,,
4dbbb275960ab9e4ec2c66c8d3000f7c70c8dce5112df591b95db84e25efa6e9.tif,Otsu,0.021674800002074335,0.9,bright,1.0,20,1,183,117,9,108,174,0.07692307692307693,0.04918032786885246,0.06,0.030927835051546393,0.930734061537956,0.05584404369227736,0.8374150217052994,0.7203043539523742,66,,,,,,,,
4dbbb275960ab9e4ec2c66c8d3000f7c70c8dce5112df591b95db84e25efa6e9.tif,Watershed,0.05752130000109901,0.5,bright,1.0,20,1,183,160,124,36,59,0.775,0.6775956284153005,0.7230320699708455,0.5662100456621004,0.7609652912276352,0.5502023096922843,0.8374150217052994,0.7203043539523742,23,9,160,False,,,,,
4dbbb275960ab9e4ec2c66c8d3000f7c70c8dce5112df591b95db84e25efa6e9.tif,Watershed,0.05752130000109901,0.75,bright,1.0,20,1,183,160,75,85,108,0.46875,0.4098360655737705,0.43731778425655976,0.2798507462686567,0.839682062411598,0.3672078990138184,0.8374150217052994,0.7203043539523742,23,9,160,False,,,,,
4dbbb275960ab9e4ec2c66c8d3000f7c70c8dce5112df591b95db84e25efa6e9.tif,Watershed,0.05752130000109901,0.9,bright,1.0,20,1,183,160,10,150,173,0.0625,0.0546448087431694,0.05830903790087463,0.03003003003003003,0.9277144188250208,0.054094135208456025,0.8374150217052994,0.7203043539523742,23,9,160,False,,,,,
4dbbb275960ab9e4ec2c66c8d3000f7c70c8dce5112df591b95db84e25efa6e9.tif,StarDist Python,0.2285240999990492,0.5,,,,,183,177,174,3,9,0.9830508474576272,0.9508196721311475,0.9666666666666667,0.9354838709677419,0.8483267978737123,0.8200492379445886,0.9270664301003302,0.8640483028106022,6,,,,2D_versatile_fluo,1.0,99.8,0.479071463157368,0.3
4dbbb275960ab9e4ec2c66c8d3000f7c70c8dce5112df591b95db84e25efa6e9.tif,StarDist Python,0.2285240999990492,0.75,,,,,183,177,156,21,27,0.8813559322033898,0.8524590163934426,0.8666666666666667,0.7647058823529411,0.8714245098096021,0.7552345751683218,0.9270664301003302,0.8640483028106022,6,,,,2D_versatile_fluo,1.0,99.8,0.479071463157368,0.3
4dbbb275960ab9e4ec2c66c8d3000f7c70c8dce5112df591b95db84e25efa6e9.tif,StarDist Python,0.2285240999990492,0.9,,,,,183,177,48,129,135,0.2711864406779661,0.26229508196721313,0.26666666666666666,0.15384615384615385,0.9253119183103012,0.24674984488274698,0.9270664301003302,0.8640483028106022,6,,,,2D_versatile_fluo,1.0,99.8,0.479071463157368,0.3
547ef286ee5f4e5dce533e982e6992ada67b7d727fdd3cfa6576f24c631a7ae6.tif,Otsu,0.023709799999778625,0.5,bright,1.0,20,1,257,141,70,71,187,0.49645390070921985,0.2723735408560311,0.35175879396984927,0.21341463414634146,0.724186523133004,0.2547389779864838,0.8103442967828005,0.6811586701861533,116,,,,,,,,
547ef286ee5f4e5dce533e982e6992ada67b7d727fdd3cfa6576f24c631a7ae6.tif,Otsu,0.023709799999778625,0.75,bright,1.0,20,1,257,141,32,109,225,0.22695035460992907,0.1245136186770428,0.16080402010050251,0.08743169398907104,0.8501525166419862,0.13670794237459075,0.8103442967828005,0.6811586701861533,116,,,,,,,,
547ef286ee5f4e5dce533e982e6992ada67b7d727fdd3cfa6576f24c631a7ae6.tif,Otsu,0.023709799999778625,0.9,bright,1.0,20,1,257,141,7,134,250,0.04964539007092199,0.027237354085603113,0.035175879396984924,0.017902813299232736,0.9269001208807699,0.03260452686515271,0.8103442967828005,0.6811586701861533,116,,,,,,,,
547ef286ee5f4e5dce533e982e6992ada67b7d727fdd3cfa6576f24c631a7ae6.tif,Watershed,0.06668610000269837,0.5,bright,1.0,20,1,257,207,143,64,114,0.6908212560386473,0.556420233463035,0.6163793103448276,0.4454828660436137,0.7227106872471069,0.4454639149842081,0.8101428226853539,0.6808740058313062,50,9,207,False,,,,,
547ef286ee5f4e5dce533e982e6992ada67b7d727fdd3cfa6576f24c631a7ae6.tif,Watershed,0.06668610000269837,0.75,bright,1.0,20,1,257,207,64,143,193,0.30917874396135264,0.2490272373540856,0.27586206896551724,0.16,0.8345241792506809,0.230213566689843,0.8101428226853539,0.6808740058313062,50,9,207,False,,,,,
547ef286ee5f4e5dce533e982e6992ada67b7d727fdd3cfa6576f24c631a7ae6.tif,Watershed,0.06668610000269837,0.9,bright,1.0,20,1,257,207,8,199,249,0.03864734299516908,0.0311284046692607,0.034482758620689655,0.017543859649122806,0.9235376057706736,0.03184612433691978,0.8101428226853539,0.6808740058313062,50,9,207,False,,,,,
547ef286ee5f4e5dce533e982e6992ada67b7d727fdd3cfa6576f24c631a7ae6.tif,StarDist Python,0.2428583000000799,0.5,,,,,257,249,240,9,17,0.963855421686747,0.933852140077821,0.9486166007905138,0.9022556390977443,0.8473253369586918,0.803786880909431,0.9264001360685634,0.8628914432572303,8,,,,2D_versatile_fluo,1.0,99.8,0.479071463157368,0.3
547ef286ee5f4e5dce533e982e6992ada67b7d727fdd3cfa6576f24c631a7ae6.tif,StarDist Python,0.2428583000000799,0.75,,,,,257,249,217,32,40,0.8714859437751004,0.8443579766536965,0.857707509881423,0.7508650519031141,0.8680169870199456,0.744504688471653,0.9264001360685634,0.8628914432572303,8,,,,2D_versatile_fluo,1.0,99.8,0.479071463157368,0.3
547ef286ee5f4e5dce533e982e6992ada67b7d727fdd3cfa6576f24c631a7ae6.tif,StarDist Python,0.2428583000000799,0.9,,,,,257,249,59,190,198,0.23694779116465864,0.22957198443579765,0.233201581027668,0.1319910514541387,0.9220559587553802,0.21502490737773686,0.9264001360685634,0.8628914432572303,8,,,,2D_versatile_fluo,1.0,99.8,0.479071463157368,0.3
57b49733c5a3c268b013553635a826e6a1b10e699bbd19c3b842375fe0adf344.tif,Otsu,0.007498300001316238,0.5,bright,1.0,20,1,18,15,15,0,3,1.0,0.8333333333333334,0.9090909090909091,0.8333333333333334,0.8673262789956904,0.7884784354506276,0.9565382425507687,0.916696980720262,3,,,,,,,,
57b49733c5a3c268b013553635a826e6a1b10e699bbd19c3b842375fe0adf344.tif,Otsu,0.007498300001316238,0.75,bright,1.0,20,1,18,15,13,2,5,0.8666666666666667,0.7222222222222222,0.7878787878787878,0.65,0.9166093175529509,0.7221770380720219,0.9565382425507687,0.916696980720262,3,,,,,,,,
57b49733c5a3c268b013553635a826e6a1b10e699bbd19c3b842375fe0adf344.tif,Otsu,0.007498300001316238,0.9,bright,1.0,20,1,18,15,8,7,10,0.5333333333333333,0.4444444444444444,0.48484848484848486,0.32,0.9407425541594788,0.456117602016717,0.9565382425507687,0.916696980720262,3,,,,,,,,
57b49733c5a3c268b013553635a826e6a1b10e699bbd19c3b842375fe0adf344.tif,Watershed,0.018321800002013333,0.5,bright,1.0,20,1,18,18,17,1,1,0.9444444444444444,0.9444444444444444,0.9444444444444444,0.8947368421052632,0.8645811319752497,0.8165488468655135,0.9565382425507687,0.916696980720262,0,9,18,False,,,,,
57b49733c5a3c268b013553635a826e6a1b10e699bbd19c3b842375fe0adf344.tif,Watershed,0.018321800002013333,0.75,bright,1.0,20,1,18,18,14,4,4,0.7777777777777778,0.7777777777777778,0.7777777777777778,0.6363636363636364,0.9175402310983909,0.7136424019654152,0.9565382425507687,0.916696980720262,0,9,18,False,,,,,
57b49733c5a3c268b013553635a826e6a1b10e699bbd19c3b842375fe0adf344.tif,Watershed,0.018321800002013333,0.9,bright,1.0,20,1,18,18,9,9,9,0.5,0.5,0.5,0.3333333333333333,0.9395091711627711,0.46975458558138555,0.9565382425507687,0.916696980720262,0,9,18,False,,,,,
57b49733c5a3c268b013553635a826e6a1b10e699bbd19c3b842375fe0adf344.tif,StarDist Python,0.1158791999987443,0.5,,,,,18,16,16,0,2,1.0,0.8888888888888888,0.9411764705882353,0.8888888888888888,0.9357092098831308,0.8806674916547114,0.966135206764545,0.9344889322916666,2,,,,2D_versatile_fluo,1.0,99.8,0.479071463157368,0.3
57b49733c5a3c268b013553635a826e6a1b10e699bbd19c3b842375fe0adf344.tif,StarDist Python,0.1158791999987443,0.75,,,,,18,16,16,0,2,1.0,0.8888888888888888,0.9411764705882353,0.8888888888888888,0.9357092098831308,0.8806674916547114,0.966135206764545,0.9344889322916666,2,,,,2D_versatile_fluo,1.0,99.8,0.479071463157368,0.3
57b49733c5a3c268b013553635a826e6a1b10e699bbd19c3b842375fe0adf344.tif,StarDist Python,0.1158791999987443,0.9,,,,,18,16,16,0,2,1.0,0.8888888888888888,0.9411764705882353,0.8888888888888888,0.9357092098831308,0.8806674916547114,0.966135206764545,0.9344889322916666,2,,,,2D_versatile_fluo,1.0,99.8,0.479071463157368,0.3
5953af5080d981b554529971903d8bee9871457a4361b51f04ba04f43793dd8f.tif,Otsu,0.0043590999994194135,0.5,bright,1.0,20,1,31,23,15,8,16,0.6521739130434783,0.4838709677419355,0.5555555555555556,0.38461538461538464,0.5568446096730799,0.3093581164850444,0.7043254376930999,0.5435974882759717,8,,,,,,,,
5953af5080d981b554529971903d8bee9871457a4361b51f04ba04f43793dd8f.tif,Otsu,0.0043590999994194135,0.75,bright,1.0,20,1,31,23,0,23,31,0.0,0.0,0.0,0.0,0.0,0.0,0.7043254376930999,0.5435974882759717,8,,,,,,,,
5953af5080d981b554529971903d8bee9871457a4361b51f04ba04f43793dd8f.tif,Otsu,0.0043590999994194135,0.9,bright,1.0,20,1,31,23,0,23,31,0.0,0.0,0.0,0.0,0.0,0.0,0.7043254376930999,0.5435974882759717,8,,,,,,,,
5953af5080d981b554529971903d8bee9871457a4361b51f04ba04f43793dd8f.tif,Watershed,0.009466300001804484,0.5,bright,1.0,20,1,31,28,19,9,12,0.6785714285714286,0.6129032258064516,0.6440677966101694,0.475,0.5568891292892078,0.3586743544574558,0.7043254376930999,0.5435974882759717,3,9,28,False,,,,,
5953af5080d981b554529971903d8bee9871457a4361b51f04ba04f43793dd8f.tif,Watershed,0.009466300001804484,0.75,bright,1.0,20,1,31,28,0,28,31,0.0,0.0,0.0,0.0,0.0,0.0,0.7043254376930999,0.5435974882759717,3,9,28,False,,,,,
5953af5080d981b554529971903d8bee9871457a4361b51f04ba04f43793dd8f.tif,Watershed,0.009466300001804484,0.9,bright,1.0,20,1,31,28,0,28,31,0.0,0.0,0.0,0.0,0.0,0.0,0.7043254376930999,0.5435974882759717,3,9,28,False,,,,,
5953af5080d981b554529971903d8bee9871457a4361b51f04ba04f43793dd8f.tif,StarDist Python,0.07224029999997583,0.5,,,,,31,31,22,9,9,0.7096774193548387,0.7096774193548387,0.7096774193548387,0.55,0.7155438520978195,0.5078053143920009,0.8067912358911126,0.6761526232114468,0,,,,2D_versatile_fluo,1.0,99.8,0.479071463157368,0.3
5953af5080d981b554529971903d8bee9871457a4361b51f04ba04f43793dd8f.tif,StarDist Python,0.07224029999997583,0.75,,,,,31,31,7,24,24,0.22580645161290322,0.22580645161290322,0.22580645161290322,0.12727272727272726,0.8579105259035019,0.19372173165562948,0.8067912358911126,0.6761526232114468,0,,,,2D_versatile_fluo,1.0,99.8,0.479071463157368,0.3
5953af5080d981b554529971903d8bee9871457a4361b51f04ba04f43793dd8f.tif,StarDist Python,0.07224029999997583,0.9,,,,,31,31,2,29,29,0.06451612903225806,0.06451612903225806,0.06451612903225806,0.03333333333333333,0.9304688697251285,0.06003024965968571,0.8067912358911126,0.6761526232114468,0,,,,2D_versatile_fluo,1.0,99.8,0.479071463157368,0.3
5ddbfba2519484316e4b7ccabfa605e6e6fd96c3d87ac8cdfd2c134571a15311.tif,Otsu,0.004923200001940131,0.5,bright,1.0,20,1,23,16,12,4,11,0.75,0.5217391304347826,0.6153846153846154,0.4444444444444444,0.8467899424988646,0.5211015030762244,0.9059986210066652,0.8281512605042017,7,,,,,,,,
5ddbfba2519484316e4b7ccabfa605e6e6fd96c3d87ac8cdfd2c134571a15311.tif,Otsu,0.004923200001940131,0.75,bright,1.0,20,1,23,16,11,5,12,0.6875,0.4782608695652174,0.5641025641025641,0.39285714285714285,0.8699936376556117,0.4907656417544476,0.9059986210066652,0.8281512605042017,7,,,,,,,,
5ddbfba2519484316e4b7ccabfa605e6e6fd96c3d87ac8cdfd2c134571a15311.tif,Otsu,0.004923200001940131,0.9,bright,1.0,20,1,23,16,3,13,20,0.1875,0.13043478260869565,0.15384615384615385,0.08333333333333333,0.9384270273445532,0.14437338882223896,0.9059986210066652,0.8281512605042017,7,,,,,,,,
5ddbfba2519484316e4b7ccabfa605e6e6fd96c3d87ac8cdfd2c134571a15311.tif,Watershed,0.009591000001819339,0.5,bright,1.0,20,1,23,16,12,4,11,0.75,0.5217391304347826,0.6153846153846154,0.4444444444444444,0.8467899424988646,0.5211015030762244,0.8966156699119147,0.8126050420168067,7,9,16,False,,,,,
5ddbfba2519484316e4b7ccabfa605e6e6fd96c3d87ac8cdfd2c134571a15311.tif,Watershed,0.009591000001819339,0.75,bright,1.0,20,1,23,16,11,5,12,0.6875,0.4782608695652174,0.5641025641025641,0.39285714285714285,0.8699936376556117,0.4907656417544476,0.8966156699119147,0.8126050420168067,7,9,16,False,,,,,
5ddbfba2519484316e4b7ccabfa605e6e6fd96c3d87ac8cdfd2c134571a15311.tif,Watershed,0.009591000001819339,0.9,bright,1.0,20,1,23,16,3,13,20,0.1875,0.13043478260869565,0.15384615384615385,0.08333333333333333,0.9384270273445532,0.14437338882223896,0.8966156699119147,0.8126050420168067,7,9,16,False,,,,,
5ddbfba2519484316e4b7ccabfa605e6e6fd96c3d87ac8cdfd2c134571a15311.tif,StarDist Python,0.07422850000148173,0.5,,,,,23,23,18,5,5,0.782608695652174,0.782608695652174,0.782608695652174,0.6428571428571429,0.8159020910483824,0.6385320712552558,0.9004718040889688,0.8189619942787086,0,,,,2D_versatile_fluo,1.0,99.8,0.479071463157368,0.3
5ddbfba2519484316e4b7ccabfa605e6e6fd96c3d87ac8cdfd2c134571a15311.tif,StarDist Python,0.07422850000148173,0.75,,,,,23,23,15,8,8,0.6521739130434783,0.6521739130434783,0.6521739130434783,0.4838709677419355,0.8343550993354028,0.5441446300013496,0.9004718040889688,0.8189619942787086,0,,,,2D_versatile_fluo,1.0,99.8,0.479071463157368,0.3
5ddbfba2519484316e4b7ccabfa605e6e6fd96c3d87ac8cdfd2c134571a15311.tif,StarDist Python,0.07422850000148173,0.9,,,,,23,23,2,21,21,0.08695652173913043,0.08695652173913043,0.08695652173913043,0.045454545454545456,0.9416014776184267,0.08187838935812407,0.9004718040889688,0.8189619942787086,0,,,,2D_versatile_fluo,1.0,99.8,0.479071463157368,0.3
5f9d29d6388c700f35a3c29fa1b1ce0c1cba6667d05fdb70bd1e89004dcf71ed.tif,Otsu,0.023486599999159807,0.5,bright,1.0,20,1,148,117,104,13,44,0.8888888888888888,0.7027027027027027,0.7849056603773585,0.6459627329192547,0.8628342510896907,0.6772434876477572,0.9475020022334774,0.9002411446331923,31,,,,,,,,
5f9d29d6388c700f35a3c29fa1b1ce0c1cba6667d05fdb70bd1e89004dcf71ed.tif,Otsu,0.023486599999159807,0.75,bright,1.0,20,1,148,117,89,28,59,0.7606837606837606,0.6013513513513513,0.6716981132075471,0.5056818181818182,0.9089149120335153,0.6105164314791159,0.9475020022334774,0.9002411446331923,31,,,,,,,,
5f9d29d6388c700f35a3c29fa1b1ce0c1cba6667d05fdb70bd1e89004dcf71ed.tif,Otsu,0.023486599999159807,0.9,bright,1.0,20,1,148,117,57,60,91,0.48717948717948717,0.38513513513513514,0.43018867924528303,0.27403846153846156,0.9449726623929969,0.4065165415577421,0.9475020022334774,0.9002411446331923,31,,,,,,,,
5f9d29d6388c700f35a3c29fa1b1ce0c1cba6667d05fdb70bd1e89004dcf71ed.tif,Watershed,0.06544750000102795,0.5,bright,1.0,20,1,148,144,136,8,12,0.9444444444444444,0.918918918918919,0.9315068493150684,0.8717948717948718,0.8833523636468108,0.8228487770956594,0.9475020022334774,0.9002411446331923,4,9,144,False,,,,,
5f9d29d6388c700f35a3c29fa1b1ce0c1cba6667d05fdb70bd1e89004dcf71ed.tif,Watershed,0.06544750000102795,0.75,bright,1.0,20,1,148,144,124,20,24,0.8611111111111112,0.8378378378378378,0.8493150684931506,0.7380952380952381,0.9064260012123819,0.7698412613036668,0.9475020022334774,0.9002411446331923,4,9,144,False,,,,,
5f9d29d6388c700f35a3c29fa1b1ce0c1cba6667d05fdb70bd1e89004dcf71ed.tif,Watershed,0.06544750000102795,0.9,bright,1.0,20,1,148,144,74,70,74,0.5138888888888888,0.5,0.5068493150684932,0.3394495412844037,0.9415391944480915,0.477218495816156,0.9475020022334774,0.9002411446331923,4,9,144,False,,,,,
5f9d29d6388c700f35a3c29fa1b1ce0c1cba6667d05fdb70bd1e89004dcf71ed.tif,StarDist Python,0.22618810000130907,0.5,,,,,148,145,141,4,7,0.9724137931034482,0.9527027027027027,0.962457337883959,0.9276315789473685,0.914654208394132,0.8803156544953762,0.960577271033287,0.9241449549484011,3,,,,2D_versatile_fluo,1.0,99.8,0.479071463157368,0.3
5f9d29d6388c700f35a3c29fa1b1ce0c1cba6667d05fdb70bd1e89004dcf71ed.tif,StarDist Python,0.22618810000130907,0.75,,,,,148,145,135,10,13,0.9310344827586207,0.9121621621621622,0.9215017064846417,0.8544303797468354,0.9247658329084213,0.8521732931238012,0.960577271033287,0.9241449549484011,3,,,,2D_versatile_fluo,1.0,99.8,0.479071463157368,0.3
5f9d29d6388c700f35a3c29fa1b1ce0c1cba6667d05fdb70bd1e89004dcf71ed.tif,StarDist Python,0.22618810000130907,0.9,,,,,148,145,111,34,37,0.7655172413793103,0.75,0.757679180887372,0.6098901098901099,0.9381300067579729,0.7108015750862456,0.960577271033287,0.9241449549484011,3,,,,2D_versatile_fluo,1.0,99.8,0.479071463157368,0.3
602f267432e7a573e1092f1cf48135c82d0fbc8722bc028b9330ec801a40bb18.tif,Otsu,0.025792799999180716,0.5,bright,1.0,20,1,19,19,16,3,3,0.8421052631578947,0.8421052631578947,0.8421052631578947,0.7272727272727273,0.8903352000480288,0.7497559579351821,0.9330933401902802,0.8745782319483274,0,,,,,,,,
602f267432e7a573e1092f1cf48135c82d0fbc8722bc028b9330ec801a40bb18.tif,Otsu,0.025792799999180716,0.75,bright,1.0,20,1,19,19,14,5,5,0.7368421052631579,0.7368421052631579,0.7368421052631579,0.5833333333333334,0.9174825769417918,0.6760397935360571,0.9330933401902802,0.8745782319483274,0,,,,,,,,
602f267432e7a573e1092f1cf48135c82d0fbc8722bc028b9330ec801a40bb18.tif,Otsu,0.025792799999180716,0.9,bright,1.0,20,1,19,19,9,10,10,0.47368421052631576,0.47368421052631576,0.47368421052631576,0.3103448275862069,0.9502174553709453,0.4501030051757109,0.9330933401902802,0.8745782319483274,0,,,,,,,,
602f267432e7a573e1092f1cf48135c82d0fbc8722bc028b9330ec801a40bb18.tif,Watershed,0.0564615999974194,0.5,bright,1.0,20,1,19,20,18,2,1,0.9,0.9473684210526315,0.9230769230769231,0.8571428571428571,0.8849648612155401,0.816890641122037,0.9330933401902802,0.8745782319483274,1,9,20,False,,,,,
602f267432e7a573e1092f1cf48135c82d0fbc8722bc028b9330ec801a40bb18.tif,Watershed,0.0564615999974194,0.75,bright,1.0,20,1,19,20,16,4,3,0.8,0.8421052631578947,0.8205128205128205,0.6956521739130435,0.9080475236435214,0.7450646347844277,0.9330933401902802,0.8745782319483274,1,9,20,False,,,,,
602f267432e7a573e1092f1cf48135c82d0fbc8722bc028b9330ec801a40bb18.tif,Watershed,0.0564615999974194,0.9,bright,1.0,20,1,19,20,9,11,10,0.45,0.47368421052631576,0.46153846153846156,0.3,0.9502174553709453,0.4385619024788978,0.9330933401902802,0.8745782319483274,1,9,20,False,,,,,
602f267432e7a573e1092f1cf48135c82d0fbc8722bc028b9330ec801a40bb18.tif,StarDist Python,0.13808639999842853,0.5,,,,,19,18,18,0,1,1.0,0.9473684210526315,0.972972972972973,0.9473684210526315,0.8544126985172262,0.831320463422166,0.9205957782600118,0.8528739833683633,1,,,,2D_versatile_fluo,1.0,99.8,0.479071463157368,0.3
602f267432e7a573e1092f1cf48135c82d0fbc8722bc028b9330ec801a40bb18.tif,StarDist Python,0.13808639999842853,0.75,,,,,19,18,17,1,2,0.9444444444444444,0.8947368421052632,0.918918918918919,0.85,0.8615849704045265,0.7917267295609163,0.9205957782600118,0.8528739833683633,1,,,,2D_versatile_fluo,1.0,99.8,0.479071463157368,0.3
602f267432e7a573e1092f1cf48135c82d0fbc8722bc028b9330ec801a40bb18.tif,StarDist Python,0.13808639999842853,0.9,,,,,19,18,3,15,16,0.16666666666666666,0.15789473684210525,0.16216216216216217,0.08823529411764706,0.9423279854625726,0.1528099435885253,0.9205957782600118,0.8528739833683633,1,,,,2D_versatile_fluo,1.0,99.8,0.479071463157368,0.3
608ff81c8a0c8b622f6648a9c7f935d85f0c503f515ef2ac3728387be1953ee8.tif,Otsu,0.004766600002767518,0.5,bright,1.0,20,1,15,10,9,1,6,0.9,0.6,0.72,0.5625,0.7509947501593881,0.5407162201147595,0.9172846548773531,0.8472075869336143,5,,,,,,,,
608ff81c8a0c8b622f6648a9c7f935d85f0c503f515ef2ac3728387be1953ee8.tif,Otsu,0.004766600002767518,0.75,bright,1.0,20,1,15,10,5,5,10,0.5,0.3333333333333333,0.4,0.25,0.8741237855865377,0.34964951423461504,0.9172846548773531,0.8472075869336143,5,,,,,,,,
608ff81c8a0c8b622f6648a9c7f935d85f0c503f515ef2ac3728387be1953ee8.tif,Otsu,0.004766600002767518,0.9,bright,1.0,20,1,15,10,1,9,14,0.1,0.06666666666666667,0.08,0.041666666666666664,0.925531914893617,0.07404255319148936,0.9172846548773531,0.8472075869336143,5,,,,,,,,
608ff81c8a0c8b622f6648a9c7f935d85f0c503f515ef2ac3728387be1953ee8.tif,Watershed,0.008473699999740347,0.5,bright,1.0,20,1,15,11,10,1,5,0.9090909090909091,0.6666666666666666,0.7692307692307693,0.625,0.791099616610249,0.6085381666232684,0.9172846548773531,0.8472075869336143,4,9,11,False,,,,,
608ff81c8a0c8b622f6648a9c7f935d85f0c503f515ef2ac3728387be1953ee8.tif,Watershed,0.008473699999740347,0.75,bright,1.0,20,1,15,11,7,4,8,0.6363636363636364,0.4666666666666667,0.5384615384615384,0.3684210526315789,0.8664523152269027,0.4665512466606399,0.9172846548773531,0.8472075869336143,4,9,11,False,,,,,
608ff81c8a0c8b622f6648a9c7f935d85f0c503f515ef2ac3728387be1953ee8.tif,Watershed,0.008473699999740347,0.9,bright,1.0,20,1,15,11,2,9,13,0.18181818181818182,0.13333333333333333,0.15384615384615385,0.08333333333333333,0.9138770685579196,0.14059647208583378,0.9172846548773531,0.8472075869336143,4,9,11,False,,,,,
608ff81c8a0c8b622f6648a9c7f935d85f0c503f515ef2ac3728387be1953ee8.tif,StarDist Python,0.06318090000058874,0.5,,,,,15,10,8,2,7,0.8,0.5333333333333333,0.64,0.47058823529411764,0.8908994379491444,0.5701756402874524,0.9132394366197183,0.84033177812338,5,,,,2D_versatile_fluo,1.0,99.8,0.479071463157368,0.3
608ff81c8a0c8b622f6648a9c7f935d85f0c503f515ef2ac3728387be1953ee8.tif,StarDist Python,0.06318090000058874,0.75,,,,,15,10,8,2,7,0.8,0.5333333333333333,0.64,0.47058823529411764,0.8908994379491444,0.5701756402874524,0.9132394366197183,0.84033177812338,5,,,,2D_versatile_fluo,1.0,99.8,0.479071463157368,0.3
608ff81c8a0c8b622f6648a9c7f935d85f0c503f515ef2ac3728387be1953ee8.tif,StarDist Python,0.06318090000058874,0.9,,,,,15,10,4,6,11,0.4,0.26666666666666666,0.32,0.19047619047619047,0.9274865215859346,0.2967956869074991,0.9132394366197183,0.84033177812338,5,,,,2D_versatile_fluo,1.0,99.8,0.479071463157368,0.3
6bd18a218d25247dc456aed124c066a6397fb93086e860e4d04014bfa9c9555d.tif,Otsu,0.004904000001261011,0.5,bright,1.0,20,1,46,39,35,4,11,0.8974358974358975,0.7608695652173914,0.8235294117647058,0.7,0.8638457609417847,0.7114023913638227,0.9316981469877361,0.8721300486006368,7,,,,,,,,
6bd18a218d25247dc456aed124c066a6397fb93086e860e4d04014bfa9c9555d.tif,Otsu,0.004904000001261011,0.75,bright,1.0,20,1,46,39,31,8,15,0.7948717948717948,0.6739130434782609,0.7294117647058823,0.5740740740740741,0.8983444891902157,0.6552630391740397,0.9316981469877361,0.8721300486006368,7,,,,,,,,
6bd18a218d25247dc456aed124c066a6397fb93086e860e4d04014bfa9c9555d.tif,Otsu,0.004904000001261011,0.9,bright,1.0,20,1,46,39,16,23,30,0.41025641025641024,0.34782608695652173,0.3764705882352941,0.2318840579710145,0.9434195569607025,0.3551697155616762,0.9316981469877361,0.8721300486006368,7,,,,,,,,
6bd18a218d25247dc456aed124c066a6397fb93086e860e4d04014bfa9c9555d.tif,Watershed,0.010683399999834364,0.5,bright,1.0,20,1,46,43,39,4,7,0.9069767441860465,0.8478260869565217,0.8764044943820225,0.78,0.8591959430753289,0.7530031860660186,0.9316981469877361,0.8721300486006368,3,9,43,False,,,,,
6bd18a218d25247dc456aed124c066a6397fb93086e860e4d04014bfa9c9555d.tif,Watershed,0.010683399999834364,0.75,bright,1.0,20,1,46,43,35,8,11,0.813953488372093,0.7608695652173914,0.7865168539325843,0.6481481481481481,0.8902449900688895,0.7001926888182276,0.9316981469877361,0.8721300486006368,3,9,43,False,,,,,
6bd18a218d25247dc456aed124c066a6397fb93086e860e4d04014bfa9c9555d.tif,Watershed,0.010683399999834364,0.9,bright,1.0,20,1,46,43,17,26,29,0.3953488372093023,0.3695652173913043,0.38202247191011235,0.2361111111111111,0.9408654653747787,0.3594317508173312,0.9316981469877361,0.8721300486006368,3,9,43,False,,,,,
6bd18a218d25247dc456aed124c066a6397fb93086e860e4d04014bfa9c9555d.tif,StarDist Python,0.07298029999947175,0.5,,,,,46,40,40,0,6,1.0,0.8695652173913043,0.9302325581395349,0.8695652173913043,0.8903803513148546,0.8282607919207949,0.9164120079094014,0.8457199734571997,6,,,,2D_versatile_fluo,1.0,99.8,0.479071463157368,0.3
6bd18a218d25247dc456aed124c066a6397fb93086e860e4d04014bfa9c9555d.tif,StarDist Python,0.07298029999947175,0.75,,,,,46,40,40,0,6,1.0,0.8695652173913043,0.9302325581395349,0.8695652173913043,0.8903803513148546,0.8282607919207949,0.9164120079094014,0.8457199734571997,6,,,,2D_versatile_fluo,1.0,99.8,0.479071463157368,0.3
6bd18a218d25247dc456aed124c066a6397fb93086e860e4d04014bfa9c9555d.tif,StarDist Python,0.07298029999947175,0.9,,,,,46,40,19,21,27,0.475,0.41304347826086957,0.4418604651162791,0.2835820895522388,0.9291549417876643,0.41055683474338656,0.9164120079094014,0.8457199734571997,6,,,,2D_versatile_fluo,1.0,99.8,0.479071463157368,0.3
79dfcbc9361edd3a1ffe81a5bdaa22a197ad1341f3fa64b86a646c2607d6b324.tif,Otsu,0.02402069999880041,0.5,bright,1.0,20,1,12,12,12,0,0,1.0,1.0,1.0,1.0,0.9263552482941577,0.9263552482941577,0.9620334362346149,0.9268443414445732,0,,,,,,,,
79dfcbc9361edd3a1ffe81a5bdaa22a197ad1341f3fa64b86a646c2607d6b324.tif,Otsu,0.02402069999880041,0.75,bright,1.0,20,1,12,12,12,0,0,1.0,1.0,1.0,1.0,0.9263552482941577,0.9263552482941577,0.9620334362346149,0.9268443414445732,0,,,,,,,,
79dfcbc9361edd3a1ffe81a5bdaa22a197ad1341f3fa64b86a646c2607d6b324.tif,Otsu,0.02402069999880041,0.9,bright,1.0,20,1,12,12,9,3,3,0.75,0.75,0.75,0.6,0.9693002736085532,0.7269752052064149,0.9620334362346149,0.9268443414445732,0,,,,,,,,
79dfcbc9361edd3a1ffe81a5bdaa22a197ad1341f3fa64b86a646c2607d6b324.tif,Watershed,0.05613680000169552,0.5,bright,1.0,20,1,12,12,12,0,0,1.0,1.0,1.0,1.0,0.9263552482941577,0.9263552482941577,0.9620334362346149,0.9268443414445732,0,9,12,False,,,,,
79dfcbc9361edd3a1ffe81a5bdaa22a197ad1341f3fa64b86a646c2607d6b324.tif,Watershed,0.05613680000169552,0.75,bright,1.0,20,1,12,12,12,0,0,1.0,1.0,1.0,1.0,0.9263552482941577,0.9263552482941577,0.9620334362346149,0.9268443414445732,0,9,12,False,,,,,
79dfcbc9361edd3a1ffe81a5bdaa22a197ad1341f3fa64b86a646c2607d6b324.tif,Watershed,0.05613680000169552,0.9,bright,1.0,20,1,12,12,9,3,3,0.75,0.75,0.75,0.6,0.9693002736085532,0.7269752052064149,0.9620334362346149,0.9268443414445732,0,9,12,False,,,,,
79dfcbc9361edd3a1ffe81a5bdaa22a197ad1341f3fa64b86a646c2607d6b324.tif,StarDist Python,0.14387789999818779,0.5,,,,,12,12,12,0,0,1.0,1.0,1.0,1.0,0.9627491287179878,0.9627491287179878,0.9811649808161842,0.9630263608353303,0,,,,2D_versatile_fluo,1.0,99.8,0.479071463157368,0.3
79dfcbc9361edd3a1ffe81a5bdaa22a197ad1341f3fa64b86a646c2607d6b324.tif,StarDist Python,0.14387789999818779,0.75,,,,,12,12,12,0,0,1.0,1.0,1.0,1.0,0.9627491287179878,0.9627491287179878,0.9811649808161842,0.9630263608353303,0,,,,2D_versatile_fluo,1.0,99.8,0.479071463157368,0.3
79dfcbc9361edd3a1ffe81a5bdaa22a197ad1341f3fa64b86a646c2607d6b324.tif,StarDist Python,0.14387789999818779,0.9,,,,,12,12,12,0,0,1.0,1.0,1.0,1.0,0.9627491287179878,0.9627491287179878,0.9811649808161842,0.9630263608353303,0,,,,2D_versatile_fluo,1.0,99.8,0.479071463157368,0.3
7d40ea6ead1bec903f26d9046d291aedcb12a584b4d3b337ea252b34c7d86072.tif,Otsu,0.007764500001940178,0.5,bright,1.0,20,1,21,19,18,1,3,0.9473684210526315,0.8571428571428571,0.9,0.8181818181818182,0.8674407956849289,0.780696716116436,0.9531143185130725,0.9104282686905525,2,,,,,,,,
7d40ea6ead1bec903f26d9046d291aedcb12a584b4d3b337ea252b34c7d86072.tif,Otsu,0.007764500001940178,0.75,bright,1.0,20,1,21,19,15,4,6,0.7894736842105263,0.7142857142857143,0.75,0.6,0.9088115326563322,0.6816086494922492,0.9531143185130725,0.9104282686905525,2,,,,,,,,
7d40ea6ead1bec903f26d9046d291aedcb12a584b4d3b337ea252b34c7d86072.tif,Otsu,0.007764500001940178,0.9,bright,1.0,20,1,21,19,10,9,11,0.5263157894736842,0.47619047619047616,0.5,0.3333333333333333,0.937745226427456,0.468872613213728,0.9531143185130725,0.9104282686905525,2,,,,,,,,
7d40ea6ead1bec903f26d9046d291aedcb12a584b4d3b337ea252b34c7d86072.tif,Watershed,0.02027319999979227,0.5,bright,1.0,20,1,21,25,17,8,4,0.68,0.8095238095238095,0.7391304347826086,0.5862068965517241,0.8327821803678345,0.6155346550544863,0.9531143185130725,0.9104282686905525,4,9,25,False,,,,,
7d40ea6ead1bec903f26d9046d291aedcb12a584b4d3b337ea252b34c7d86072.tif,Watershed,0.02027319999979227,0.75,bright,1.0,20,1,21,25,13,12,8,0.52,0.6190476190476191,0.5652173913043478,0.3939393939393939,0.8982821968214433,0.5077247199425549,0.9531143185130725,0.9104282686905525,4,9,25,False,,,,,
7d40ea6ead1bec903f26d9046d291aedcb12a584b4d3b337ea252b34c7d86072.tif,Watershed,0.02027319999979227,0.9,bright,1.0,20,1,21,25,7,18,14,0.28,0.3333333333333333,0.30434782608695654,0.1794871794871795,0.9374927530382138,0.28532388135945635,0.9531143185130725,0.9104282686905525,4,9,25,False,,,,,
7d40ea6ead1bec903f26d9046d291aedcb12a584b4d3b337ea252b34c7d86072.tif,StarDist Python,0.12405299999954877,0.5,,,,,21,23,20,3,1,0.8695652173913043,0.9523809523809523,0.9090909090909091,0.8333333333333334,0.8455685694100004,0.7686986994636367,0.9530173002645338,0.9102512395909943,2,,,,2D_versatile_fluo,1.0,99.8,0.479071463157368,0.3
7d40ea6ead1bec903f26d9046d291aedcb12a584b4d3b337ea252b34c7d86072.tif,StarDist Python,0.12405299999954877,0.75,,,,,21,23,16,7,5,0.6956521739130435,0.7619047619047619,0.7272727272727273,0.5714285714285714,0.9008041579087959,0.6551302966609425,0.9530173002645338,0.9102512395909943,2,,,,2D_versatile_fluo,1.0,99.8,0.479071463157368,0.3
7d40ea6ead1bec903f26d9046d291aedcb12a584b4d3b337ea252b34c7d86072.tif,StarDist Python,0.12405299999954877,0.9,,,,,21,23,8,15,13,0.34782608695652173,0.38095238095238093,0.36363636363636365,0.2222222222222222,0.9343061611104884,0.3397476949492685,0.9530173002645338,0.9102512395909943,2,,,,2D_versatile_fluo,1.0,99.8,0.479071463157368,0.3
84e642d75ae6ece8147272418b6fe13d04db8d076fe306c4acedc329fceab564.tif,Otsu,0.00456540000232053,0.5,bright,1.0,20,1,19,18,18,0,1,1.0,0.9473684210526315,0.972972972972973,0.9473684210526315,0.8675024273677604,0.8440564158172804,0.9377148356936615,0.8827336267149883,1,,,,,,,,
84e642d75ae6ece8147272418b6fe13d04db8d076fe306c4acedc329fceab564.tif,Otsu,0.00456540000232053,0.75,bright,1.0,20,1,19,18,17,1,2,0.9444444444444444,0.8947368421052632,0.918918918918919,0.85,0.8853540766103402,0.8135686109392315,0.9377148356936615,0.8827336267149883,1,,,,,,,,
84e642d75ae6ece8147272418b6fe13d04db8d076fe306c4acedc329fceab564.tif,Otsu,0.00456540000232053,0.9,bright,1.0,20,1,19,18,8,10,11,0.4444444444444444,0.42105263157894735,0.43243243243243246,0.27586206896551724,0.936521421457792,0.4049822363060722,0.9377148356936615,0.8827336267149883,1,,,,,,,,
84e642d75ae6ece8147272418b6fe13d04db8d076fe306c4acedc329fceab564.tif,Watershed,0.008929899999202462,0.5,bright,1.0,20,1,19,19,19,0,0,1.0,1.0,1.0,1.0,0.8744341430969795,0.8744341430969795,0.9377148356936615,0.8827336267149883,0,9,19,False,,,,,
84e642d75ae6ece8147272418b6fe13d04db8d076fe306c4acedc329fceab564.tif,Watershed,0.008929899999202462,0.75,bright,1.0,20,1,19,19,18,1,1,0.9473684210526315,0.9473684210526315,0.9473684210526315,0.9,0.8818467513665559,0.8354337644525266,0.9377148356936615,0.8827336267149883,0,9,19,False,,,,,
84e642d75ae6ece8147272418b6fe13d04db8d076fe306c4acedc329fceab564.tif,Watershed,0.008929899999202462,0.9,bright,1.0,20,1,19,19,8,11,11,0.42105263157894735,0.42105263157894735,0.42105263157894735,0.26666666666666666,0.936521421457792,0.39432480903485984,0.9377148356936615,0.8827336267149883,0,9,19,False,,,,,
84e642d75ae6ece8147272418b6fe13d04db8d076fe306c4acedc329fceab564.tif,StarDist Python,0.06461119999949005,0.5,,,,,19,17,17,0,2,1.0,0.8947368421052632,0.9444444444444444,0.8947368421052632,0.8843925493226891,0.835259629915873,0.9254091762811913,0.8611735330836454,2,,,,2D_versatile_fluo,1.0,99.8,0.479071463157368,0.3
84e642d75ae6ece8147272418b6fe13d04db8d076fe306c4acedc329fceab564.tif,StarDist Python,0.06461119999949005,0.75,,,,,19,17,17,0,2,1.0,0.8947368421052632,0.9444444444444444,0.8947368421052632,0.8843925493226891,0.835259629915873,0.9254091762811913,0.8611735330836454,2,,,,2D_versatile_fluo,1.0,99.8,0.479071463157368,0.3
84e642d75ae6ece8147272418b6fe13d04db8d076fe306c4acedc329fceab564.tif,StarDist Python,0.06461119999949005,0.9,,,,,19,17,8,9,11,0.47058823529411764,0.42105263157894735,0.4444444444444444,0.2857142857142857,0.9275681670241459,0.4122525186773982,0.9254091762811913,0.8611735330836454,2,,,,2D_versatile_fluo,1.0,99.8,0.479071463157368,0.3
89be66f88612aae541f5843abcd9c015832b5d6c54a28103b3019f7f38df8a6d.tif,Otsu,0.007629200001247227,0.5,bright,1.0,20,1,19,14,13,1,6,0.9285714285714286,0.6842105263157895,0.7878787878787878,0.65,0.9454811246861052,0.7449245224799617,0.9740334679746105,0.9493813273340832,5,,,,,,,,
89be66f88612aae541f5843abcd9c015832b5d6c54a28103b3019f7f38df8a6d.tif,Otsu,0.007629200001247227,0.75,bright,1.0,20,1,19,14,13,1,6,0.9285714285714286,0.6842105263157895,0.7878787878787878,0.65,0.9454811246861052,0.7449245224799617,0.9740334679746105,0.9493813273340832,5,,,,,,,,
89be66f88612aae541f5843abcd9c015832b5d6c54a28103b3019f7f38df8a6d.tif,Otsu,0.007629200001247227,0.9,bright,1.0,20,1,19,14,12,2,7,0.8571428571428571,0.631578947368421,0.7272727272727273,0.5714285714285714,0.9512037987135126,0.6917845808825546,0.9740334679746105,0.9493813273340832,5,,,,,,,,
89be66f88612aae541f5843abcd9c015832b5d6c54a28103b3019f7f38df8a6d.tif,Watershed,0.01817300000038813,0.5,bright,1.0,20,1,19,20,18,2,1,0.9,0.9473684210526315,0.9230769230769231,0.8571428571428571,0.9068658819272861,0.8371069679328795,0.9740334679746105,0.9493813273340832,1,9,20,False,,,,,
89be66f88612aae541f5843abcd9c015832b5d6c54a28103b3019f7f38df8a6d.tif,Watershed,0.01817300000038813,0.75,bright,1.0,20,1,19,20,16,4,3,0.8,0.8421052631578947,0.8205128205128205,0.6956521739130435,0.939148743136738,0.7705835841121953,0.9740334679746105,0.9493813273340832,1,9,20,False,,,,,
89be66f88612aae541f5843abcd9c015832b5d6c54a28103b3019f7f38df8a6d.tif,Watershed,0.01817300000038813,0.9,bright,1.0,20,1,19,20,14,6,5,0.7,0.7368421052631579,0.717948717948718,0.56,0.9508593872609952,0.682668278033535,0.9740334679746105,0.9493813273340832,1,9,20,False,,,,,
89be66f88612aae541f5843abcd9c015832b5d6c54a28103b3019f7f38df8a6d.tif,StarDist Python,0.11204720000023372,0.5,,,,,19,19,18,1,1,0.9473684210526315,0.9473684210526315,0.9473684210526315,0.9,0.9172980734595702,0.8690192274880137,0.9596122778675282,0.922360248447205,0,,,,2D_versatile_fluo,1.0,99.8,0.479071463157368,0.3
89be66f88612aae541f5843abcd9c015832b5d6c54a28103b3019f7f38df8a6d.tif,StarDist Python,0.11204720000023372,0.75,,,,,19,19,17,2,2,0.8947368421052632,0.8947368421052632,0.8947368421052632,0.8095238095238095,0.9290516503363987,0.8312567397746725,0.9596122778675282,0.922360248447205,0,,,,2D_versatile_fluo,1.0,99.8,0.479071463157368,0.3
89be66f88612aae541f5843abcd9c015832b5d6c54a28103b3019f7f38df8a6d.tif,StarDist Python,0.11204720000023372,0.9,,,,,19,19,14,5,5,0.7368421052631579,0.7368421052631579,0.7368421052631579,0.5833333333333334,0.9465609129484581,0.6974659358567586,0.9596122778675282,0.922360248447205,0,,,,2D_versatile_fluo,1.0,99.8,0.479071463157368,0.3
8fdc34509a0c3721f7b5e235c8a93e1f553343aa17ad103a1e89e3509a3e1570.tif,Otsu,0.004802299998118542,0.5,bright,1.0,20,1,36,30,27,3,9,0.9,0.75,0.8181818181818182,0.6923076923076923,0.7805546049411314,0.6386355858609257,0.8721600542556799,0.7733012627781118,6,,,,,,,,
8fdc34509a0c3721f7b5e235c8a93e1f553343aa17ad103a1e89e3509a3e1570.tif,Otsu,0.004802299998118542,0.75,bright,1.0,20,1,36,30,18,12,18,0.6,0.5,0.5454545454545454,0.375,0.8595951096196162,0.4688700597925179,0.8721600542556799,0.7733012627781118,6,,,,,,,,
8fdc34509a0c3721f7b5e235c8a93e1f553343aa17ad103a1e89e3509a3e1570.tif,Otsu,0.004802299998118542,0.9,bright,1.0,20,1,36,30,6,24,30,0.2,0.16666666666666666,0.18181818181818182,0.1,0.9518609180600018,0.1730656214654549,0.8721600542556799,0.7733012627781118,6,,,,,,,,
8fdc34509a0c3721f7b5e235c8a93e1f553343aa17ad103a1e89e3509a3e1570.tif,Watershed,0.010113299998920411,0.5,bright,1.0,20,1,36,32,31,1,5,0.96875,0.8611111111111112,0.9117647058823529,0.8378378378378378,0.7873412684651628,0.7178699800711779,0.8721600542556799,0.7733012627781118,4,9,32,False,,,,,
8fdc34509a0c3721f7b5e235c8a93e1f553343aa17ad103a1e89e3509a3e1570.tif,Watershed,0.010113299998920411,0.75,bright,1.0,20,1,36,32,22,10,14,0.6875,0.6111111111111112,0.6470588235294118,0.4782608695652174,0.854787134643754,0.5530975577106644,0.8721600542556799,0.7733012627781118,4,9,32,False,,,,,
8fdc34509a0c3721f7b5e235c8a93e1f553343aa17ad103a1e89e3509a3e1570.tif,Watershed,0.010113299998920411,0.9,bright,1.0,20,1,36,32,6,26,30,0.1875,0.16666666666666666,0.17647058823529413,0.0967741935483871,0.9518609180600018,0.1679754561282356,0.8721600542556799,0.7733012627781118,4,9,32,False,,,,,
8fdc34509a0c3721f7b5e235c8a93e1f553343aa17ad103a1e89e3509a3e1570.tif,StarDist Python,0.07277690000046277,0.5,,,,,36,33,33,0,3,1.0,0.9166666666666666,0.9565217391304348,0.9166666666666666,0.7611831042176007,0.7280881866429224,0.8537995337995338,0.7448954689660783,3,,,,2D_versatile_fluo,1.0,99.8,0.479071463157368,0.3
8fdc34509a0c3721f7b5e235c8a93e1f553343aa17ad103a1e89e3509a3e1570.tif,StarDist Python,0.07277690000046277,0.75,,,,,36,33,19,14,17,0.5757575757575758,0.5277777777777778,0.5507246376811594,0.38,0.8328885579649619,0.45869224931403696,0.8537995337995338,0.7448954689660783,3,,,,2D_versatile_fluo,1.0,99.8,0.479071463157368,0.3
8fdc34509a0c3721f7b5e235c8a93e1f553343aa17ad103a1e89e3509a3e1570.tif,StarDist Python,0.07277690000046277,0.9,,,,,36,33,3,30,33,0.09090909090909091,0.08333333333333333,0.08695652173913043,0.045454545454545456,0.914041514041514,0.07948187078621861,0.8537995337995338,0.7448954689660783,3,,,,2D_versatile_fluo,1.0,99.8,0.479071463157368,0.3
9520aff4efe87bd8f3901652fa2dde9b4bc9c679325966145ce00c1ca33f35de.tif,Otsu,0.021466900001541944,0.5,bright,1.0,20,1,44,37,18,19,26,0.4864864864864865,0.4090909090909091,0.4444444444444444,0.2857142857142857,0.7536062766209232,0.33493612294263253,0.7526682692307692,0.6034226907437029,7,,,,,,,,
9520aff4efe87bd8f3901652fa2dde9b4bc9c679325966145ce00c1ca33f35de.tif,Otsu,0.021466900001541944,0.75,bright,1.0,20,1,44,37,11,26,33,0.2972972972972973,0.25,0.2716049382716049,0.15714285714285714,0.8291129141114552,0.22519116185743226,0.7526682692307692,0.6034226907437029,7,,,,,,,,
9520aff4efe87bd8f3901652fa2dde9b4bc9c679325966145ce00c1ca33f35de.tif,Otsu,0.021466900001541944,0.9,bright,1.0,20,1,44,37,1,36,43,0.02702702702702703,0.022727272727272728,0.024691358024691357,0.0125,0.9251386321626618,0.022842929189201527,0.7526682692307692,0.6034226907437029,7,,,,,,,,
9520aff4efe87bd8f3901652fa2dde9b4bc9c679325966145ce00c1ca33f35de.tif,Watershed,0.052172300001984695,0.5,bright,1.0,20,1,44,44,21,23,23,0.4772727272727273,0.4772727272727273,0.4772727272727273,0.31343283582089554,0.769964932177323,0.3674832630846314,0.7521583339345406,0.6027674458941201,0,9,44,False,,,,,
9520aff4efe87bd8f3901652fa2dde9b4bc9c679325966145ce00c1ca33f35de.tif,Watershed,0.052172300001984695,0.75,bright,1.0,20,1,44,44,15,29,29,0.3409090909090909,0.3409090909090909,0.3409090909090909,0.2054794520547945,0.8203083900486516,0.2796505875165858,0.7521583339345406,0.6027674458941201,0,9,44,False,,,,,
9520aff4efe87bd8f3901652fa2dde9b4bc9c679325966145ce00c1ca33f35de.tif,Watershed,0.052172300001984695,0.9,bright,1.0,20,1,44,44,1,43,43,0.022727272727272728,0.022727272727272728,0.022727272727272728,0.011494252873563218,0.9251386321626618,0.02102587800369686,0.7521583339345406,0.6027674458941201,0,9,44,False,,,,,
9520aff4efe87bd8f3901652fa2dde9b4bc9c679325966145ce00c1ca33f35de.tif,StarDist Python,0.16312200000174926,0.5,,,,,44,48,43,5,1,0.8958333333333334,0.9772727272727273,0.9347826086956522,0.8775510204081632,0.814974422985774,0.7618239171388758,0.9092356687898089,0.8335766423357664,4,,,,2D_versatile_fluo,1.0,99.8,0.479071463157368,0.3
9520aff4efe87bd8f3901652fa2dde9b4bc9c679325966145ce00c1ca33f35de.tif,StarDist Python,0.16312200000174926,0.75,,,,,44,48,36,12,8,0.75,0.8181818181818182,0.782608695652174,0.6428571428571429,0.845119692581083,0.6613980202808475,0.9092356687898089,0.8335766423357664,4,,,,2D_versatile_fluo,1.0,99.8,0.479071463157368,0.3
9520aff4efe87bd8f3901652fa2dde9b4bc9c679325966145ce00c1ca33f35de.tif,StarDist Python,0.16312200000174926,0.9,,,,,44,48,5,43,39,0.10416666666666667,0.11363636363636363,0.10869565217391304,0.05747126436781609,0.9267562463991034,0.1007343746085982,0.9092356687898089,0.8335766423357664,4,,,,2D_versatile_fluo,1.0,99.8,0.479071463157368,0.3
9ebcfaf2322932d464f15b5662cae4d669b2d785b8299556d73fffcae8365d32.tif,Otsu,0.005359599999792408,0.5,bright,1.0,20,1,58,16,4,12,54,0.25,0.06896551724137931,0.10810810810810811,0.05714285714285714,0.732599760056937,0.07919997406020941,0.8772301401697333,0.7813089499056801,42,,,,,,,,
9ebcfaf2322932d464f15b5662cae4d669b2d785b8299556d73fffcae8365d32.tif,Otsu,0.005359599999792408,0.75,bright,1.0,20,1,58,16,2,14,56,0.125,0.034482758620689655,0.05405405405405406,0.027777777777777776,0.855514450867052,0.046244024371192,0.8772301401697333,0.7813089499056801,42,,,,,,,,
9ebcfaf2322932d464f15b5662cae4d669b2d785b8299556d73fffcae8365d32.tif,Otsu,0.005359599999792408,0.9,bright,1.0,20,1,58,16,0,16,58,0.0,0.0,0.0,0.0,0.0,0.0,0.8772301401697333,0.7813089499056801,42,,,,,,,,
9ebcfaf2322932d464f15b5662cae4d669b2d785b8299556d73fffcae8365d32.tif,Watershed,0.014158599999063881,0.5,bright,1.0,20,1,58,39,22,17,36,0.5641025641025641,0.3793103448275862,0.4536082474226804,0.29333333333333333,0.763313974704387,0.3462455142988972,0.8772301401697333,0.7813089499056801,19,9,39,False,,,,,
9ebcfaf2322932d464f15b5662cae4d669b2d785b8299556d73fffcae8365d32.tif,Watershed,0.014158599999063881,0.75,bright,1.0,20,1,58,39,13,26,45,0.3333333333333333,0.22413793103448276,0.26804123711340205,0.15476190476190477,0.8471892652243979,0.22708165871994168,0.8772301401697333,0.7813089499056801,19,9,39,False,,,,,
9ebcfaf2322932d464f15b5662cae4d669b2d785b8299556d73fffcae8365d32.tif,Watershed,0.014158599999063881,0.9,bright,1.0,20,1,58,39,1,38,57,0.02564102564102564,0.017241379310344827,0.020618556701030927,0.010416666666666666,0.921448087431694,0.01899892963776689,0.8772301401697333,0.7813089499056801,19,9,39,False,,,,,
9ebcfaf2322932d464f15b5662cae4d669b2d785b8299556d73fffcae8365d32.tif,StarDist Python,0.11793799999941257,0.5,,,,,58,56,50,6,8,0.8928571428571429,0.8620689655172413,0.8771929824561403,0.78125,0.8077457848185923,0.7085489340513967,0.9002173944761377,0.8185412189232932,2,,,,2D_versatile_fluo,1.0,99.8,0.479071463157368,0.3
9ebcfaf2322932d464f15b5662cae4d669b2d785b8299556d73fffcae8365d32.tif,StarDist Python,0.11793799999941257,0.75,,,,,58,56,37,19,21,0.6607142857142857,0.6379310344827587,0.6491228070175439,0.4805194805194805,0.8547204839707043,0.5548185597704571,0.9002173944761377,0.8185412189232932,2,,,,2D_versatile_fluo,1.0,99.8,0.479071463157368,0.3
9ebcfaf2322932d464f15b5662cae4d669b2d785b8299556d73fffcae8365d32.tif,StarDist Python,0.11793799999941257,0.9,,,,,58,56,10,46,48,0.17857142857142858,0.1724137931034483,0.17543859649122806,0.09615384615384616,0.9227585481044966,0.16188746457973627,0.9002173944761377,0.8185412189232932,2,,,,2D_versatile_fluo,1.0,99.8,0.479071463157368,0.3
a5e695fce80dc03efb6665a9ec14500ab47f4ee9f6437531388dd3cc32c90db1.tif,Otsu,0.02096510000046692,0.5,bright,1.0,20,1,49,35,25,10,24,0.7142857142857143,0.5102040816326531,0.5952380952380952,0.423728813559322,0.7757408994417275,0.4617505353819807,0.8093250354179315,0.6797195368107936,14,,,,,,,,
a5e695fce80dc03efb6665a9ec14500ab47f4ee9f6437531388dd3cc32c90db1.tif,Otsu,0.02096510000046692,0.75,bright,1.0,20,1,49,35,15,20,34,0.42857142857142855,0.30612244897959184,0.35714285714285715,0.21739130434782608,0.9065684526635083,0.32377444737982436,0.8093250354179315,0.6797195368107936,14,,,,,,,,
a5e695fce80dc03efb6665a9ec14500ab47f4ee9f6437531388dd3cc32c90db1.tif,Otsu,0.02096510000046692,0.9,bright,1.0,20,1,49,35,9,26,40,0.2571428571428571,0.1836734693877551,0.21428571428571427,0.12,0.9394176251074996,0.20130377680874992,0.8093250354179315,0.6797195368107936,14,,,,,,,,
a5e695fce80dc03efb6665a9ec14500ab47f4ee9f6437531388dd3cc32c90db1.tif,Watershed,0.0493203000005451,0.5,bright,1.0,20,1,49,47,33,14,16,0.7021276595744681,0.673469387755102,0.6875,0.5238095238095238,0.7971071340973795,0.5480111546919485,0.8093250354179315,0.6797195368107936,2,9,47,False,,,,,
a5e695fce80dc03efb6665a9ec14500ab47f4ee9f6437531388dd3cc32c90db1.tif,Watershed,0.0493203000005451,0.75,bright,1.0,20,1,49,47,21,26,28,0.44680851063829785,0.42857142857142855,0.4375,0.28,0.8830461871102196,0.38633270686072113,0.8093250354179315,0.6797195368107936,2,9,47,False,,,,,
a5e695fce80dc03efb6665a9ec14500ab47f4ee9f6437531388dd3cc32c90db1.tif,Watershed,0.0493203000005451,0.9,bright,1.0,20,1,49,47,9,38,40,0.19148936170212766,0.1836734693877551,0.1875,0.10344827586206896,0.9394176251074996,0.17614080470765617,0.8093250354179315,0.6797195368107936,2,9,47,False,,,,,
a5e695fce80dc03efb6665a9ec14500ab47f4ee9f6437531388dd3cc32c90db1.tif,StarDist Python,0.15665250000165543,0.5,,,,,49,48,48,0,1,1.0,0.9795918367346939,0.9896907216494846,0.9795918367346939,0.8333255052904466,0.8247345206998233,0.9200174825174825,0.8518818292189397,1,,,,2D_versatile_fluo,1.0,99.8,0.479071463157368,0.3
a5e695fce80dc03efb6665a9ec14500ab47f4ee9f6437531388dd3cc32c90db1.tif,StarDist Python,0.15665250000165543,0.75,,,,,49,48,40,8,9,0.8333333333333334,0.8163265306122449,0.8247422680412371,0.7017543859649122,0.8585411620204153,0.7080751851714766,0.9200174825174825,0.8518818292189397,1,,,,2D_versatile_fluo,1.0,99.8,0.479071463157368,0.3
a5e695fce80dc03efb6665a9ec14500ab47f4ee9f6437531388dd3cc32c90db1.tif,StarDist Python,0.15665250000165543,0.9,,,,,49,48,8,40,41,0.16666666666666666,0.16326530612244897,0.16494845360824742,0.0898876404494382,0.9271887336614777,0.15293834782044993,0.9200174825174825,0.8518818292189397,1,,,,2D_versatile_fluo,1.0,99.8,0.479071463157368,0.3
a6e81120d1cb9f71f8a25f90a5d56c4b714a642fc496a705e38921fd90a3f69c.tif,Otsu,0.008074500001384877,0.5,bright,1.0,20,1,30,23,21,2,9,0.9130434782608695,0.7,0.7924528301886793,0.65625,0.8400374560872228,0.6656900595408181,0.9437402354760256,0.8934736200060994,7,,,,,,,,
a6e81120d1cb9f71f8a25f90a5d56c4b714a642fc496a705e38921fd90a3f69c.tif,Otsu,0.008074500001384877,0.75,bright,1.0,20,1,30,23,17,6,13,0.7391304347826086,0.5666666666666667,0.6415094339622641,0.4722222222222222,0.8967238356203192,0.5752568002092614,0.9437402354760256,0.8934736200060994,7,,,,,,,,
a6e81120d1cb9f71f8a25f90a5d56c4b714a642fc496a705e38921fd90a3f69c.tif,Otsu,0.008074500001384877,0.9,bright,1.0,20,1,30,23,10,13,20,0.43478260869565216,0.3333333333333333,0.37735849056603776,0.23255813953488372,0.9341462057054711,0.352508002153008,0.9437402354760256,0.8934736200060994,7,,,,,,,,
a6e81120d1cb9f71f8a25f90a5d56c4b714a642fc496a705e38921fd90a3f69c.tif,Watershed,0.018928500001493376,0.5,bright,1.0,20,1,30,24,20,4,10,0.8333333333333334,0.6666666666666666,0.7407407407407407,0.5882352941176471,0.8344171593235,0.6180867846840741,0.943230736984667,0.8925607225680459,6,9,24,False,,,,,
a6e81120d1cb9f71f8a25f90a5d56c4b714a642fc496a705e38921fd90a3f69c.tif,Watershed,0.018928500001493376,0.75,bright,1.0,20,1,30,24,16,8,14,0.6666666666666666,0.5333333333333333,0.5925925925925926,0.42105263157894735,0.8932712587527027,0.5293459311127128,0.943230736984667,0.8925607225680459,6,9,24,False,,,,,
a6e81120d1cb9f71f8a25f90a5d56c4b714a642fc496a705e38921fd90a3f69c.tif,Watershed,0.018928500001493376,0.9,bright,1.0,20,1,30,24,9,15,21,0.375,0.3,0.3333333333333333,0.2,0.9321663323947253,0.3107221107982418,0.943230736984667,0.8925607225680459,6,9,24,False,,,,,
a6e81120d1cb9f71f8a25f90a5d56c4b714a642fc496a705e38921fd90a3f69c.tif,StarDist Python,0.10616310000114026,0.5,,,,,30,29,27,2,3,0.9310344827586207,0.9,0.9152542372881356,0.84375,0.8309541146969077,0.7605342744683563,0.9592982125170967,0.921780114202846,1,,,,2D_versatile_fluo,1.0,99.8,0.479071463157368,0.3
a6e81120d1cb9f71f8a25f90a5d56c4b714a642fc496a705e38921fd90a3f69c.tif,StarDist Python,0.10616310000114026,0.75,,,,,30,29,19,10,11,0.6551724137931034,0.6333333333333333,0.6440677966101694,0.475,0.9117110904002522,0.5872037531391455,0.9592982125170967,0.921780114202846,1,,,,2D_versatile_fluo,1.0,99.8,0.479071463157368,0.3
a6e81120d1cb9f71f8a25f90a5d56c4b714a642fc496a705e38921fd90a3f69c.tif,StarDist Python,0.10616310000114026,0.9,,,,,30,29,15,14,15,0.5172413793103449,0.5,0.5084745762711864,0.3409090909090909,0.9401608620451574,0.4780478959551648,0.9592982125170967,0.921780114202846,1,,,,2D_versatile_fluo,1.0,99.8,0.479071463157368,0.3
afa272dc01825d4b929b3bfc79a10f68dd3c163c450d858b964d1ce0bc93e131.tif,Otsu,0.021824299998115748,0.5,bright,1.0,20,1,10,10,10,0,0,1.0,1.0,1.0,1.0,0.9485423567062663,0.9485423567062663,0.9776801318220403,0.9563348637296083,0,,,,,,,,
afa272dc01825d4b929b3bfc79a10f68dd3c163c450d858b964d1ce0bc93e131.tif,Otsu,0.021824299998115748,0.75,bright,1.0,20,1,10,10,10,0,0,1.0,1.0,1.0,1.0,0.9485423567062663,0.9485423567062663,0.9776801318220403,0.9563348637296083,0,,,,,,,,
afa272dc01825d4b929b3bfc79a10f68dd3c163c450d858b964d1ce0bc93e131.tif,Otsu,0.021824299998115748,0.9,bright,1.0,20,1,10,10,9,1,1,0.9,0.9,0.9,0.8181818181818182,0.9680553114300581,0.8712497802870522,0.9776801318220403,0.9563348637296083,0,,,,,,,,
afa272dc01825d4b929b3bfc79a10f68dd3c163c450d858b964d1ce0bc93e131.tif,Watershed,0.048944400001346366,0.5,bright,1.0,20,1,10,11,10,1,0,0.9090909090909091,1.0,0.9523809523809523,0.9090909090909091,0.9090794261750345,0.865789929690509,0.9776801318220403,0.9563348637296083,1,9,11,False,,,,,
afa272dc01825d4b929b3bfc79a10f68dd3c163c450d858b964d1ce0bc93e131.tif,Watershed,0.048944400001346366,0.75,bright,1.0,20,1,10,11,9,2,1,0.8181818181818182,0.9,0.8571428571428571,0.75,0.9521003159096024,0.8160859850653734,0.9776801318220403,0.9563348637296083,1,9,11,False,,,,,
afa272dc01825d4b929b3bfc79a10f68dd3c163c450d858b964d1ce0bc93e131.tif,Watershed,0.048944400001346366,0.9,bright,1.0,20,1,10,11,8,3,2,0.7272727272727273,0.8,0.7619047619047619,0.6153846153846154,0.9744971348742852,0.742474007523265,0.9776801318220403,0.9563348637296083,1,9,11,False,,,,,
afa272dc01825d4b929b3bfc79a10f68dd3c163c450d858b964d1ce0bc93e131.tif,StarDist Python,0.1346653000000515,0.5,,,,,10,10,10,0,0,1.0,1.0,1.0,1.0,0.9586030615428232,0.9586030615428232,0.9799365909145914,0.9606624276359496,0,,,,2D_versatile_fluo,1.0,99.8,0.479071463157368,0.3
afa272dc01825d4b929b3bfc79a10f68dd3c163c450d858b964d1ce0bc93e131.tif,StarDist Python,0.1346653000000515,0.75,,,,,10,10,10,0,0,1.0,1.0,1.0,1.0,0.9586030615428232,0.9586030615428232,0.9799365909145914,0.9606624276359496,0,,,,2D_versatile_fluo,1.0,99.8,0.479071463157368,0.3
afa272dc01825d4b929b3bfc79a10f68dd3c163c450d858b964d1ce0bc93e131.tif,StarDist Python,0.1346653000000515,0.9,,,,,10,10,10,0,0,1.0,1.0,1.0,1.0,0.9586030615428232,0.9586030615428232,0.9799365909145914,0.9606624276359496,0,,,,2D_versatile_fluo,1.0,99.8,0.479071463157368,0.3
b560dba92fbf2af785739efced50d5866c86dc4dada9be3832138bef4c3524d2.tif,Otsu,0.004590100001223618,0.5,bright,1.0,20,1,23,14,12,2,11,0.8571428571428571,0.5217391304347826,0.6486486486486487,0.48,0.806031216892007,0.5228310596056261,0.8721617418351477,0.773303916161059,9,,,,,,,,
b560dba92fbf2af785739efced50d5866c86dc4dada9be3832138bef4c3524d2.tif,Otsu,0.004590100001223618,0.75,bright,1.0,20,1,23,14,9,5,14,0.6428571428571429,0.391304347826087,0.4864864864864865,0.32142857142857145,0.8616695244437506,0.4191905794591219,0.8721617418351477,0.773303916161059,9,,,,,,,,
b560dba92fbf2af785739efced50d5866c86dc4dada9be3832138bef4c3524d2.tif,Otsu,0.004590100001223618,0.9,bright,1.0,20,1,23,14,2,12,21,0.14285714285714285,0.08695652173913043,0.10810810810810811,0.05714285714285714,0.9343583678296865,0.10101171544104719,0.8721617418351477,0.773303916161059,9,,,,,,,,
b560dba92fbf2af785739efced50d5866c86dc4dada9be3832138bef4c3524d2.tif,Watershed,0.008486200000334065,0.5,bright,1.0,20,1,23,15,13,2,10,0.8666666666666667,0.5652173913043478,0.6842105263157895,0.52,0.8081313796951858,0.5529319966335482,0.8721617418351477,0.773303916161059,8,9,15,False,,,,,
b560dba92fbf2af785739efced50d5866c86dc4dada9be3832138bef4c3524d2.tif,Watershed,0.008486200000334065,0.75,bright,1.0,20,1,23,15,10,5,13,0.6666666666666666,0.43478260869565216,0.5263157894736842,0.35714285714285715,0.8588359053327087,0.4520188975435309,0.8721617418351477,0.773303916161059,8,9,15,False,,,,,
b560dba92fbf2af785739efced50d5866c86dc4dada9be3832138bef4c3524d2.tif,Watershed,0.008486200000334065,0.9,bright,1.0,20,1,23,15,2,13,21,0.13333333333333333,0.08695652173913043,0.10526315789473684,0.05555555555555555,0.9343583678296865,0.0983535124031249,0.8721617418351477,0.773303916161059,8,9,15,False,,,,,
b560dba92fbf2af785739efced50d5866c86dc4dada9be3832138bef4c3524d2.tif,StarDist Python,0.05948299999727169,0.5,,,,,23,18,15,3,8,0.8333333333333334,0.6521739130434783,0.7317073170731707,0.5769230769230769,0.7874418196237052,0.5761769411880769,0.8305747818236533,0.7102418939783839,5,,,,2D_versatile_fluo,1.0,99.8,0.479071463157368,0.3
b560dba92fbf2af785739efced50d5866c86dc4dada9be3832138bef4c3524d2.tif,StarDist Python,0.05948299999727169,0.75,,,,,23,18,13,5,10,0.7222222222222222,0.5652173913043478,0.6341463414634146,0.4642857142857143,0.8014337009098343,0.5082262493574559,0.8305747818236533,0.7102418939783839,5,,,,2D_versatile_fluo,1.0,99.8,0.479071463157368,0.3
b560dba92fbf2af785739efced50d5866c86dc4dada9be3832138bef4c3524d2.tif,StarDist Python,0.05948299999727169,0.9,,,,,23,18,0,18,23,0.0,0.0,0.0,0.0,0.0,0.0,0.8305747818236533,0.7102418939783839,5,,,,2D_versatile_fluo,1.0,99.8,0.479071463157368,0.3
b61d3fb0d0ebbee018346e0adeff9e9178f33aa95262779b3c196f93b4ace895.tif,Otsu,0.02132500000152504,0.5,bright,1.0,20,1,170,112,80,32,90,0.7142857142857143,0.47058823529411764,0.5673758865248227,0.39603960396039606,0.7757380031145141,0.4401350372280931,0.884525596131399,0.7929591150310188,58,,,,,,,,
b61d3fb0d0ebbee018346e0adeff9e9178f33aa95262779b3c196f93b4ace895.tif,Otsu,0.02132500000152504,0.75,bright,1.0,20,1,170,112,51,61,119,0.45535714285714285,0.3,0.3617021276595745,0.22077922077922077,0.8580053593956268,0.31034236403671606,0.884525596131399,0.7929591150310188,58,,,,,,,,
b61d3fb0d0ebbee018346e0adeff9e9178f33aa95262779b3c196f93b4ace895.tif,Otsu,0.02132500000152504,0.9,bright,1.0,20,1,170,112,13,99,157,0.11607142857142858,0.07647058823529412,0.09219858156028368,0.048327137546468404,0.9369206402737379,0.08638275406779143,0.884525596131399,0.7929591150310188,58,,,,,,,,
b61d3fb0d0ebbee018346e0adeff9e9178f33aa95262779b3c196f93b4ace895.tif,Watershed,0.06235739999829093,0.5,bright,1.0,20,1,170,146,129,17,41,0.8835616438356164,0.7588235294117647,0.8164556962025317,0.6898395721925134,0.7875060954901542,0.6429638374571512,0.884525596131399,0.7929591150310188,24,9,146,False,,,,,
b61d3fb0d0ebbee018346e0adeff9e9178f33aa95262779b3c196f93b4ace895.tif,Watershed,0.06235739999829093,0.75,bright,1.0,20,1,170,146,92,54,78,0.6301369863013698,0.5411764705882353,0.5822784810126582,0.4107142857142857,0.8483543726318795,0.49397849545653744,0.884525596131399,0.7929591150310188,24,9,146,False,,,,,
b61d3fb0d0ebbee018346e0adeff9e9178f33aa95262779b3c196f93b4ace895.tif,Watershed,0.06235739999829093,0.9,bright,1.0,20,1,170,146,15,131,155,0.10273972602739725,0.08823529411764706,0.0949367088607595,0.04983388704318937,0.9331104014816168,0.08858643052040666,0.884525596131399,0.7929591150310188,24,9,146,False,,,,,
b61d3fb0d0ebbee018346e0adeff9e9178f33aa95262779b3c196f93b4ace895.tif,StarDist Python,0.20758260000002338,0.5,,,,,170,157,153,4,17,0.9745222929936306,0.9,0.9357798165137615,0.8793103448275862,0.8859382682918864,0.829043150144701,0.9448674334467304,0.895496417604913,13,,,,2D_versatile_fluo,1.0,99.8,0.479071463157368,0.3
b61d3fb0d0ebbee018346e0adeff9e9178f33aa95262779b3c196f93b4ace895.tif,StarDist Python,0.20758260000002338,0.75,,,,,170,157,149,8,21,0.9490445859872612,0.8764705882352941,0.9113149847094801,0.8370786516853933,0.8929059740313043,0.8137185940713416,0.9448674334467304,0.895496417604913,13,,,,2D_versatile_fluo,1.0,99.8,0.479071463157368,0.3
b61d3fb0d0ebbee018346e0adeff9e9178f33aa95262779b3c196f93b4ace895.tif,StarDist Python,0.20758260000002338,0.9,,,,,170,157,65,92,105,0.4140127388535032,0.38235294117647056,0.39755351681957185,0.2480916030534351,0.9339957778745236,0.3713133061886485,0.9448674334467304,0.895496417604913,13,,,,2D_versatile_fluo,1.0,99.8,0.479071463157368,0.3
b6edad733399c83c8eb7a59c0d37b54e10cc0d59894e39ff843884d84f61dee1.tif,Otsu,0.008928800001740456,0.5,bright,1.0,20,1,25,22,19,3,6,0.8636363636363636,0.76,0.8085106382978723,0.6785714285714286,0.7945906943597763,0.6424350294823723,0.9420838879219139,0.8905090651009743,3,,,,,,,,
b6edad733399c83c8eb7a59c0d37b54e10cc0d59894e39ff843884d84f61dee1.tif,Otsu,0.008928800001740456,0.75,bright,1.0,20,1,25,22,13,9,12,0.5909090909090909,0.52,0.5531914893617021,0.38235294117647056,0.8749018175798541,0.4839882395122597,0.9420838879219139,0.8905090651009743,3,,,,,,,,
b6edad733399c83c8eb7a59c0d37b54e10cc0d59894e39ff843884d84f61dee1.tif,Otsu,0.008928800001740456,0.9,bright,1.0,20,1,25,22,5,17,20,0.22727272727272727,0.2,0.2127659574468085,0.11904761904761904,0.934214379873111,0.19876901699427893,0.9420838879219139,0.8905090651009743,3,,,,,,,,
b6edad733399c83c8eb7a59c0d37b54e10cc0d59894e39ff843884d84f61dee1.tif,Watershed,0.018899200000305427,0.5,bright,1.0,20,1,25,26,20,6,5,0.7692307692307693,0.8,0.7843137254901961,0.6451612903225806,0.8412262638406531,0.6597853049730613,0.9420838879219139,0.8905090651009743,1,9,26,False,,,,,
b6edad733399c83c8eb7a59c0d37b54e10cc0d59894e39ff843884d84f61dee1.tif,Watershed,0.018899200000305427,0.75,bright,1.0,20,1,25,26,16,10,9,0.6153846153846154,0.64,0.6274509803921569,0.45714285714285713,0.8852855829447288,0.5554733069457122,0.9420838879219139,0.8905090651009743,1,9,26,False,,,,,
b6edad733399c83c8eb7a59c0d37b54e10cc0d59894e39ff843884d84f61dee1.tif,Watershed,0.018899200000305427,0.9,bright,1.0,20,1,25,26,7,19,18,0.2692307692307692,0.28,0.27450980392156865,0.1590909090909091,0.9446395870917133,0.25931282782909776,0.9420838879219139,0.8905090651009743,1,9,26,False,,,,,
b6edad733399c83c8eb7a59c0d37b54e10cc0d59894e39ff843884d84f61dee1.tif,StarDist Python,0.10281229999964125,0.5,,,,,25,23,21,2,4,0.9130434782608695,0.84,0.875,0.7777777777777778,0.8924747200729245,0.780915380063809,0.9573583286577114,0.9182045519293469,2,,,,2D_versatile_fluo,1.0,99.8,0.479071463157368,0.3
b6edad733399c83c8eb7a59c0d37b54e10cc0d59894e39ff843884d84f61dee1.tif,StarDist Python,0.10281229999964125,0.75,,,,,25,23,20,3,5,0.8695652173913043,0.8,0.8333333333333334,0.7142857142857143,0.9004012083701488,0.7503343403084574,0.9573583286577114,0.9182045519293469,2,,,,2D_versatile_fluo,1.0,99.8,0.479071463157368,0.3
b6edad733399c83c8eb7a59c0d37b54e10cc0d59894e39ff843884d84f61dee1.tif,StarDist Python,0.10281229999964125,0.9,,,,,25,23,13,10,12,0.5652173913043478,0.52,0.5416666666666666,0.37142857142857144,0.9412178613391361,0.5098263415586987,0.9573583286577114,0.9182045519293469,2,,,,2D_versatile_fluo,1.0,99.8,0.479071463157368,0.3
bde3727f3a9e8b2b58f383ebc762b2157eb50cdbff23e69b025418b43967556b.tif,Otsu,0.022409999997762498,0.5,bright,1.0,20,1,106,91,82,9,24,0.9010989010989011,0.7735849056603774,0.8324873096446701,0.7130434782608696,0.8872793110490327,0.7386487665585856,0.9392473840550505,0.8854537523042934,15,,,,,,,,
bde3727f3a9e8b2b58f383ebc762b2157eb50cdbff23e69b025418b43967556b.tif,Otsu,0.022409999997762498,0.75,bright,1.0,20,1,106,91,70,21,36,0.7692307692307693,0.660377358490566,0.7106598984771574,0.5511811023622047,0.9328718253774076,0.662954596714909,0.9392473840550505,0.8854537523042934,15,,,,,,,,
bde3727f3a9e8b2b58f383ebc762b2157eb50cdbff23e69b025418b43967556b.tif,Otsu,0.022409999997762498,0.9,bright,1.0,20,1,106,91,54,37,52,0.5934065934065934,0.5094339622641509,0.5482233502538071,0.3776223776223776,0.9511086213071354,0.5214199548282773,0.9392473840550505,0.8854537523042934,15,,,,,,,,
bde3727f3a9e8b2b58f383ebc762b2157eb50cdbff23e69b025418b43967556b.tif,Watershed,0.06026380000184872,0.5,bright,1.0,20,1,106,107,94,13,12,0.8785046728971962,0.8867924528301887,0.8826291079812206,0.7899159663865546,0.8700936547632752,0.7679699863638296,0.9392473840550505,0.8854537523042934,1,9,107,False,,,,,
bde3727f3a9e8b2b58f383ebc762b2157eb50cdbff23e69b025418b43967556b.tif,Watershed,0.06026380000184872,0.75,bright,1.0,20,1,106,107,77,30,29,0.719626168224299,0.7264150943396226,0.7230046948356808,0.5661764705882353,0.9220492105102731,0.6666459080684604,0.9392473840550505,0.8854537523042934,1,9,107,False,,,,,
bde3727f3a9e8b2b58f383ebc762b2157eb50cdbff23e69b025418b43967556b.tif,Watershed,0.06026380000184872,0.9,bright,1.0,20,1,106,107,54,53,52,0.5046728971962616,0.5094339622641509,0.5070422535211268,0.33962264150943394,0.9487757660108493,0.4810694024843743,0.9392473840550505,0.8854537523042934,1,9,107,False,,,,,
bde3727f3a9e8b2b58f383ebc762b2157eb50cdbff23e69b025418b43967556b.tif,StarDist Python,0.1955128000008699,0.5,,,,,106,103,103,0,3,1.0,0.9716981132075472,0.9856459330143541,0.9716981132075472,0.9294557630750128,0.9161142927916395,0.9648400469742632,0.932068560181515,3,,,,2D_versatile_fluo,1.0,99.8,0.479071463157368,0.3
bde3727f3a9e8b2b58f383ebc762b2157eb50cdbff23e69b025418b43967556b.tif,StarDist Python,0.1955128000008699,0.75,,,,,106,103,101,2,5,0.9805825242718447,0.9528301886792453,0.9665071770334929,0.9351851851851852,0.933491508958413,0.9022262431081313,0.9648400469742632,0.932068560181515,3,,,,2D_versatile_fluo,1.0,99.8,0.479071463157368,0.3
bde3727f3a9e8b2b58f383ebc762b2157eb50cdbff23e69b025418b43967556b.tif,StarDist Python,0.1955128000008699,0.9,,,,,106,103,86,17,20,0.8349514563106796,0.8113207547169812,0.8229665071770335,0.6991869918699187,0.94440217762497,0.7772113614904059,0.9648400469742632,0.932068560181515,3,,,,2D_versatile_fluo,1.0,99.8,0.479071463157368,0.3
bf7691b0a79811fa068b7408cbce636a73f01ef9e971a95da1a2d96df73782b6.tif,Otsu,0.004682999999204185,0.5,bright,1.0,20,1,72,59,54,5,18,0.9152542372881356,0.75,0.8244274809160306,0.7012987012987013,0.8400409407631008,0.6925528366596556,0.9270042546091599,0.863940289224071,13,,,,,,,,
bf7691b0a79811fa068b7408cbce636a73f01ef9e971a95da1a2d96df73782b6.tif,Otsu,0.004682999999204185,0.75,bright,1.0,20,1,72,59,46,13,26,0.7796610169491526,0.6388888888888888,0.7022900763358778,0.5411764705882353,0.8748861068313957,0.6144238307518199,0.9270042546091599,0.863940289224071,13,,,,,,,,
bf7691b0a79811fa068b7408cbce636a73f01ef9e971a95da1a2d96df73782b6.tif,Otsu,0.004682999999204185,0.9,bright,1.0,20,1,72,59,18,41,54,0.3050847457627119,0.25,0.2748091603053435,0.1592920353982301,0.9359018196465174,0.2571943931853025,0.9270042546091599,0.863940289224071,13,,,,,,,,
bf7691b0a79811fa068b7408cbce636a73f01ef9e971a95da1a2d96df73782b6.tif,Watershed,0.01017610000053537,0.5,bright,1.0,20,1,72,64,63,1,9,0.984375,0.875,0.9264705882352942,0.863013698630137,0.8372100277843435,0.7756504669178477,0.9270042546091599,0.863940289224071,8,9,64,False,,,,,
bf7691b0a79811fa068b7408cbce636a73f01ef9e971a95da1a2d96df73782b6.tif,Watershed,0.01017610000053537,0.75,bright,1.0,20,1,72,64,53,11,19,0.828125,0.7361111111111112,0.7794117647058824,0.6385542168674698,0.8767298743638284,0.683333578548278,0.9270042546091599,0.863940289224071,8,9,64,False,,,,,
bf7691b0a79811fa068b7408cbce636a73f01ef9e971a95da1a2d96df73782b6.tif,Watershed,0.01017610000053537,0.9,bright,1.0,20,1,72,64,22,42,50,0.34375,0.3055555555555556,0.3235294117647059,0.19298245614035087,0.9344723529907423,0.3023292906734754,0.9270042546091599,0.863940289224071,8,9,64,False,,,,,
bf7691b0a79811fa068b7408cbce636a73f01ef9e971a95da1a2d96df73782b6.tif,StarDist Python,0.06592879999880097,0.5,,,,,72,61,61,0,11,1.0,0.8472222222222222,0.9172932330827067,0.8472222222222222,0.8433086155652874,0.773561286458384,0.8983491158970921,0.8154571732846493,11,,,,2D_versatile_fluo,1.0,99.8,0.479071463157368,0.3
bf7691b0a79811fa068b7408cbce636a73f01ef9e971a95da1a2d96df73782b6.tif,StarDist Python,0.06592879999880097,0.75,,,,,72,61,56,5,16,0.9180327868852459,0.7777777777777778,0.8421052631578947,0.7272727272727273,0.8611956986080412,0.7252174304067716,0.8983491158970921,0.8154571732846493,11,,,,2D_versatile_fluo,1.0,99.8,0.479071463157368,0.3
bf7691b0a79811fa068b7408cbce636a73f01ef9e971a95da1a2d96df73782b6.tif,StarDist Python,0.06592879999880097,0.9,,,,,72,61,11,50,61,0.18032786885245902,0.1527777777777778,0.16541353383458646,0.09016393442622951,0.9122240592773463,0.15089420529399714,0.8983491158970921,0.8154571732846493,11,,,,2D_versatile_fluo,1.0,99.8,0.479071463157368,0.3
c304a1fdf3bca2f4b4580d2cac59942e2224a7678001bf5ed9d9852f57708932.tif,Otsu,0.0217607999984466,0.5,bright,1.0,20,1,253,134,64,70,189,0.47761194029850745,0.25296442687747034,0.330749354005168,0.19814241486068113,0.7082467893720976,0.23425216806105553,0.8459430477779102,0.733016725170349,119,,,,,,,,
c304a1fdf3bca2f4b4580d2cac59942e2224a7678001bf5ed9d9852f57708932.tif,Otsu,0.0217607999984466,0.75,bright,1.0,20,1,253,134,25,109,228,0.1865671641791045,0.09881422924901186,0.12919896640826872,0.06906077348066299,0.862143862786193,0.1113880959672084,0.8459430477779102,0.733016725170349,119,,,,,,,,
c304a1fdf3bca2f4b4580d2cac59942e2224a7678001bf5ed9d9852f57708932.tif,Otsu,0.0217607999984466,0.9,bright,1.0,20,1,253,134,5,129,248,0.03731343283582089,0.019762845849802372,0.025839793281653745,0.013089005235602094,0.914637483803778,0.02363404350914155,0.8459430477779102,0.733016725170349,119,,,,,,,,
c304a1fdf3bca2f4b4580d2cac59942e2224a7678001bf5ed9d9852f57708932.tif,Watershed,0.06064700000206358,0.5,bright,1.0,20,1,253,206,141,65,112,0.6844660194174758,0.5573122529644269,0.6143790849673203,0.44339622641509435,0.7294860388719295,0.4481809650585711,0.8459430477779102,0.733016725170349,47,9,206,False,,,,,
c304a1fdf3bca2f4b4580d2cac59942e2224a7678001bf5ed9d9852f57708932.tif,Watershed,0.06064700000206358,0.75,bright,1.0,20,1,253,206,71,135,182,0.3446601941747573,0.28063241106719367,0.3093681917211329,0.18298969072164947,0.8352305238106184,0.25839375682158566,0.8459430477779102,0.733016725170349,47,9,206,False,,,,,
c304a1fdf3bca2f4b4580d2cac59942e2224a7678001bf5ed9d9852f57708932.tif,Watershed,0.06064700000206358,0.9,bright,1.0,20,1,253,206,8,198,245,0.038834951456310676,0.03162055335968379,0.034858387799564274,0.017738359201773836,0.9114709484307528,0.031772407788435826,0.8459430477779102,0.733016725170349,47,9,206,False,,,,,
c304a1fdf3bca2f4b4580d2cac59942e2224a7678001bf5ed9d9852f57708932.tif,StarDist Python,0.24259779999920283,0.5,,,,,253,246,225,21,28,0.9146341463414634,0.8893280632411067,0.9018036072144289,0.8211678832116789,0.8475682295113461,0.7643400867336788,0.933465915987414,0.8752330844181425,7,,,,2D_versatile_fluo,1.0,99.8,0.479071463157368,0.3
c304a1fdf3bca2f4b4580d2cac59942e2224a7678001bf5ed9d9852f57708932.tif,StarDist Python,0.24259779999920283,0.75,,,,,253,246,196,50,57,0.7967479674796748,0.7747035573122529,0.7855711422845691,0.6468646864686468,0.8789008797721819,0.6904391680775457,0.933465915987414,0.8752330844181425,7,,,,2D_versatile_fluo,1.0,99.8,0.479071463157368,0.3
c304a1fdf3bca2f4b4580d2cac59942e2224a7678001bf5ed9d9852f57708932.tif,StarDist Python,0.24259779999920283,0.9,,,,,253,246,82,164,171,0.3333333333333333,0.3241106719367589,0.3286573146292585,0.19664268585131894,0.9205354733865178,0.3025407167041862,0.933465915987414,0.8752330844181425,7,,,,2D_versatile_fluo,1.0,99.8,0.479071463157368,0.3
c9f305be17312bdb9530fb4f1adc6d29730ddbe0e74730cbf031de174bf437b7.tif,Otsu,0.007765099999232916,0.5,bright,1.0,20,1,20,16,16,0,4,1.0,0.8,0.8888888888888888,0.8,0.8334720593630893,0.7408640527671905,0.961087500376767,0.9250899384936753,4,,,,,,,,
c9f305be17312bdb9530fb4f1adc6d29730ddbe0e74730cbf031de174bf437b7.tif,Otsu,0.007765099999232916,0.75,bright,1.0,20,1,20,16,13,3,7,0.8125,0.65,0.7222222222222222,0.5652173913043478,0.906047472324459,0.6543676189009981,0.961087500376767,0.9250899384936753,4,,,,,,,,
c9f305be17312bdb9530fb4f1adc6d29730ddbe0e74730cbf031de174bf437b7.tif,Otsu,0.007765099999232916,0.9,bright,1.0,20,1,20,16,9,7,11,0.5625,0.45,0.5,0.3333333333333333,0.9300562169609097,0.46502810848045484,0.961087500376767,0.9250899384936753,4,,,,,,,,
c9f305be17312bdb9530fb4f1adc6d29730ddbe0e74730cbf031de174bf437b7.tif,Watershed,0.018882799999119015,0.5,bright,1.0,20,1,20,22,19,3,1,0.8636363636363636,0.95,0.9047619047619048,0.8260869565217391,0.8700213665318316,0.7871621887668953,0.961087500376767,0.9250899384936753,2,9,22,False,,,,,
c9f305be17312bdb9530fb4f1adc6d29730ddbe0e74730cbf031de174bf437b7.tif,Watershed,0.018882799999119015,0.75,bright,1.0,20,1,20,22,17,5,3,0.7727272727272727,0.85,0.8095238095238095,0.68,0.9034145494501833,0.7313355876501484,0.961087500376767,0.9250899384936753,2,9,22,False,,,,,
c9f305be17312bdb9530fb4f1adc6d29730ddbe0e74730cbf031de174bf437b7.tif,Watershed,0.018882799999119015,0.9,bright,1.0,20,1,20,22,10,12,10,0.45454545454545453,0.5,0.47619047619047616,0.3125,0.9322733542556938,0.4439396925027113,0.961087500376767,0.9250899384936753,2,9,22,False,,,,,
c9f305be17312bdb9530fb4f1adc6d29730ddbe0e74730cbf031de174bf437b7.tif,StarDist Python,0.1136408999991545,0.5,,,,,20,19,19,0,1,1.0,0.95,0.9743589743589743,0.95,0.9469119128832605,0.9226321202452282,0.9789829318590672,0.9588311130210572,1,,,,2D_versatile_fluo,1.0,99.8,0.479071463157368,0.3
c9f305be17312bdb9530fb4f1adc6d29730ddbe0e74730cbf031de174bf437b7.tif,StarDist Python,0.1136408999991545,0.75,,,,,20,19,19,0,1,1.0,0.95,0.9743589743589743,0.95,0.9469119128832605,0.9226321202452282,0.9789829318590672,0.9588311130210572,1,,,,2D_versatile_fluo,1.0,99.8,0.479071463157368,0.3
c9f305be17312bdb9530fb4f1adc6d29730ddbe0e74730cbf031de174bf437b7.tif,StarDist Python,0.1136408999991545,0.9,,,,,20,19,17,2,3,0.8947368421052632,0.85,0.8717948717948718,0.7727272727272727,0.9573668242997226,0.8346274878510402,0.9789829318590672,0.9588311130210572,1,,,,2D_versatile_fluo,1.0,99.8,0.479071463157368,0.3
d8607b21411c9c8ab532faaeba15f8818a92025897950f94ee4da4f74f53660a.tif,Otsu,0.0076269000019237865,0.5,bright,1.0,20,1,24,22,22,0,2,1.0,0.9166666666666666,0.9565217391304348,0.9166666666666666,0.910934059615522,0.8713282309365862,0.9636107507984992,0.9297768686243372,2,,,,,,,,
d8607b21411c9c8ab532faaeba15f8818a92025897950f94ee4da4f74f53660a.tif,Otsu,0.0076269000019237865,0.75,bright,1.0,20,1,24,22,21,1,3,0.9545454545454546,0.875,0.9130434782608695,0.84,0.9304340192456302,0.849526713224271,0.9636107507984992,0.9297768686243372,2,,,,,,,,
d8607b21411c9c8ab532faaeba15f8818a92025897950f94ee4da4f74f53660a.tif,Otsu,0.0076269000019237865,0.9,bright,1.0,20,1,24,22,19,3,5,0.8636363636363636,0.7916666666666666,0.8260869565217391,0.7037037037037037,0.9396148175337281,0.7762035449191668,0.9636107507984992,0.9297768686243372,2,,,,,,,,
d8607b21411c9c8ab532faaeba15f8818a92025897950f94ee4da4f74f53660a.tif,Watershed,0.018779599999106722,0.5,bright,1.0,20,1,24,26,22,4,2,0.8461538461538461,0.9166666666666666,0.88,0.7857142857142857,0.9219604305789311,0.8113251789094593,0.9636107507984992,0.9297768686243372,2,9,26,False,,,,,
d8607b21411c9c8ab532faaeba15f8818a92025897950f94ee4da4f74f53660a.tif,Watershed,0.018779599999106722,0.75,bright,1.0,20,1,24,26,22,4,2,0.8461538461538461,0.9166666666666666,0.88,0.7857142857142857,0.9219604305789311,0.8113251789094593,0.9636107507984992,0.9297768686243372,2,9,26,False,,,,,
d8607b21411c9c8ab532faaeba15f8818a92025897950f94ee4da4f74f53660a.tif,Watershed,0.018779599999106722,0.9,bright,1.0,20,1,24,26,18,8,6,0.6923076923076923,0.75,0.72,0.5625,0.9397220542191005,0.6765998790377523,0.9636107507984992,0.9297768686243372,2,9,26,False,,,,,
d8607b21411c9c8ab532faaeba15f8818a92025897950f94ee4da4f74f53660a.tif,StarDist Python,0.11196349999954691,0.5,,,,,24,24,24,0,0,1.0,1.0,1.0,1.0,0.9279682771802182,0.9279682771802182,0.9696588292003642,0.9411046133853151,0,,,,2D_versatile_fluo,1.0,99.8,0.479071463157368,0.3
d8607b21411c9c8ab532faaeba15f8818a92025897950f94ee4da4f74f53660a.tif,StarDist Python,0.11196349999954691,0.75,,,,,24,24,23,1,1,0.9583333333333334,0.9583333333333334,0.9583333333333334,0.92,0.9396190718402277,0.9004682771802183,0.9696588292003642,0.9411046133853151,0,,,,2D_versatile_fluo,1.0,99.8,0.479071463157368,0.3
d8607b21411c9c8ab532faaeba15f8818a92025897950f94ee4da4f74f53660a.tif,StarDist Python,0.11196349999954691,0.9,,,,,24,24,22,2,2,0.9166666666666666,0.9166666666666666,0.9166666666666666,0.8461538461538461,0.9422714618890939,0.8637488400650027,0.9696588292003642,0.9411046133853151,0,,,,2D_versatile_fluo,1.0,99.8,0.479071463157368,0.3
e321cfa987e77c21373a0f8b1236c83d6636306949a82a7f5b07fc0838e7777f.tif,Otsu,0.004707600000983803,0.5,bright,1.0,20,1,15,12,11,1,4,0.9166666666666666,0.7333333333333333,0.8148148148148148,0.6875,0.775370086129341,0.631783033142426,0.8946335078534031,0.8093546477205447,3,,,,,,,,
e321cfa987e77c21373a0f8b1236c83d6636306949a82a7f5b07fc0838e7777f.tif,Otsu,0.004707600000983803,0.75,bright,1.0,20,1,15,12,6,6,9,0.5,0.4,0.4444444444444444,0.2857142857142857,0.8569019990511292,0.380845332911613,0.8946335078534031,0.8093546477205447,3,,,,,,,,
e321cfa987e77c21373a0f8b1236c83d6636306949a82a7f5b07fc0838e7777f.tif,Otsu,0.004707600000983803,0.9,bright,1.0,20,1,15,12,3,9,12,0.25,0.2,0.2222222222222222,0.125,0.9421990598306534,0.20937756885125633,0.8946335078534031,0.8093546477205447,3,,,,,,,,
e321cfa987e77c21373a0f8b1236c83d6636306949a82a7f5b07fc0838e7777f.tif,Watershed,0.00886009999885573,0.5,bright,1.0,20,1,15,14,14,0,1,1.0,0.9333333333333333,0.9655172413793104,0.9333333333333333,0.798078486348011,0.7705585385429072,0.8946335078534031,0.8093546477205447,1,9,14,False,,,,,
e321cfa987e77c21373a0f8b1236c83d6636306949a82a7f5b07fc0838e7777f.tif,Watershed,0.00886009999885573,0.75,bright,1.0,20,1,15,14,10,4,5,0.7142857142857143,0.6666666666666666,0.6896551724137931,0.5263157894736842,0.835686842718475,0.5763357535989483,0.8946335078534031,0.8093546477205447,1,9,14,False,,,,,
e321cfa987e77c21373a0f8b1236c83d6636306949a82a7f5b07fc0838e7777f.tif,Watershed,0.00886009999885573,0.9,bright,1.0,20,1,15,14,3,11,12,0.21428571428571427,0.2,0.20689655172413793,0.11538461538461539,0.9421990598306534,0.19493773651668692,0.8946335078534031,0.8093546477205447,1,9,14,False,,,,,
e321cfa987e77c21373a0f8b1236c83d6636306949a82a7f5b07fc0838e7777f.tif,StarDist Python,0.06479430000035791,0.5,,,,,15,13,13,0,2,1.0,0.8666666666666667,0.9285714285714286,0.8666666666666667,0.6628788407424009,0.6155303521179436,0.7836884436291802,0.6443155452436194,2,,,,2D_versatile_fluo,1.0,99.8,0.479071463157368,0.3
e321cfa987e77c21373a0f8b1236c83d6636306949a82a7f5b07fc0838e7777f.tif,StarDist Python,0.06479430000035791,0.75,,,,,15,13,3,10,12,0.23076923076923078,0.2,0.21428571428571427,0.12,0.8150398853791913,0.17465140400982668,0.7836884436291802,0.6443155452436194,2,,,,2D_versatile_fluo,1.0,99.8,0.479071463157368,0.3
e321cfa987e77c21373a0f8b1236c83d6636306949a82a7f5b07fc0838e7777f.tif,StarDist Python,0.06479430000035791,0.9,,,,,15,13,0,13,15,0.0,0.0,0.0,0.0,0.0,0.0,0.7836884436291802,0.6443155452436194,2,,,,2D_versatile_fluo,1.0,99.8,0.479071463157368,0.3
e5a7b8a9924b26b3abf039255a8a3bb00258f4966f68ff3349560b4350af9367.tif,Otsu,0.007787300000927644,0.5,bright,1.0,20,1,20,16,15,1,5,0.9375,0.75,0.8333333333333334,0.7142857142857143,0.8282012597336886,0.6901677164447405,0.9620909536822928,0.9269511207129355,4,,,,,,,,
e5a7b8a9924b26b3abf039255a8a3bb00258f4966f68ff3349560b4350af9367.tif,Otsu,0.007787300000927644,0.75,bright,1.0,20,1,20,16,11,5,9,0.6875,0.55,0.6111111111111112,0.44,0.9223904844344895,0.563683073821077,0.9620909536822928,0.9269511207129355,4,,,,,,,,
e5a7b8a9924b26b3abf039255a8a3bb00258f4966f68ff3349560b4350af9367.tif,Otsu,0.007787300000927644,0.9,bright,1.0,20,1,20,16,7,9,13,0.4375,0.35,0.3888888888888889,0.2413793103448276,0.9472296388929304,0.36836708179169514,0.9620909536822928,0.9269511207129355,4,,,,,,,,
e5a7b8a9924b26b3abf039255a8a3bb00258f4966f68ff3349560b4350af9367.tif,Watershed,0.01843199999711942,0.5,bright,1.0,20,1,20,24,18,6,2,0.75,0.9,0.8181818181818182,0.6923076923076923,0.8161207641671595,0.6677351706822214,0.9620909536822928,0.9269511207129355,4,9,24,False,,,,,
e5a7b8a9924b26b3abf039255a8a3bb00258f4966f68ff3349560b4350af9367.tif,Watershed,0.01843199999711942,0.75,bright,1.0,20,1,20,24,13,11,7,0.5416666666666666,0.65,0.5909090909090909,0.41935483870967744,0.9102458003919551,0.537872518413428,0.9620909536822928,0.9269511207129355,4,9,24,False,,,,,
e5a7b8a9924b26b3abf039255a8a3bb00258f4966f68ff3349560b4350af9367.tif,Watershed,0.01843199999711942,0.9,bright,1.0,20,1,20,24,8,16,12,0.3333333333333333,0.4,0.36363636363636365,0.2222222222222222,0.9412386930362493,0.3422686156495452,0.9620909536822928,0.9269511207129355,4,9,24,False,,,,,
e5a7b8a9924b26b3abf039255a8a3bb00258f4966f68ff3349560b4350af9367.tif,StarDist Python,0.10402539999995497,0.5,,,,,20,18,18,0,2,1.0,0.9,0.9473684210526315,0.9,0.9210802860969112,0.872602376302337,0.9690828873865561,0.9400201776938849,2,,,,2D_versatile_fluo,1.0,99.8,0.479071463157368,0.3
e5a7b8a9924b26b3abf039255a8a3bb00258f4966f68ff3349560b4350af9367.tif,StarDist Python,0.10402539999995497,0.75,,,,,20,18,17,1,3,0.9444444444444444,0.85,0.8947368421052632,0.8095238095238095,0.9354132820532759,0.8369487260476679,0.9690828873865561,0.9400201776938849,2,,,,2D_versatile_fluo,1.0,99.8,0.479071463157368,0.3
e5a7b8a9924b26b3abf039255a8a3bb00258f4966f68ff3349560b4350af9367.tif,StarDist Python,0.10402539999995497,0.9,,,,,20,18,16,2,4,0.8888888888888888,0.8,0.8421052631578947,0.7272727272727273,0.9418249404490828,0.7931157393255435,0.9690828873865561,0.9400201776938849,2,,,,2D_versatile_fluo,1.0,99.8,0.479071463157368,0.3
e66f25e175abab08ecb4e5f6859db64a211e0ddffb262d7e727b9d9bd4aad2d2.tif,Otsu,0.004540199999610195,0.5,bright,1.0,20,1,11,11,11,0,0,1.0,1.0,1.0,1.0,0.8478897876827802,0.8478897876827802,0.9152955514929921,0.8438202247191011,0,,,,,,,,
e66f25e175abab08ecb4e5f6859db64a211e0ddffb262d7e727b9d9bd4aad2d2.tif,Otsu,0.004540199999610195,0.75,bright,1.0,20,1,11,11,9,2,2,0.8181818181818182,0.8181818181818182,0.8181818181818182,0.6923076923076923,0.8757981497737579,0.7165621225421656,0.9152955514929921,0.8438202247191011,0,,,,,,,,
e66f25e175abab08ecb4e5f6859db64a211e0ddffb262d7e727b9d9bd4aad2d2.tif,Otsu,0.004540199999610195,0.9,bright,1.0,20,1,11,11,3,8,8,0.2727272727272727,0.2727272727272727,0.2727272727272727,0.15789473684210525,0.9619408624528706,0.262347507941692,0.9152955514929921,0.8438202247191011,0,,,,,,,,
e66f25e175abab08ecb4e5f6859db64a211e0ddffb262d7e727b9d9bd4aad2d2.tif,Watershed,0.008648099999845726,0.5,bright,1.0,20,1,11,11,11,0,0,1.0,1.0,1.0,1.0,0.8478897876827802,0.8478897876827802,0.9152955514929921,0.8438202247191011,0,9,11,False,,,,,
e66f25e175abab08ecb4e5f6859db64a211e0ddffb262d7e727b9d9bd4aad2d2.tif,Watershed,0.008648099999845726,0.75,bright,1.0,20,1,11,11,9,2,2,0.8181818181818182,0.8181818181818182,0.8181818181818182,0.6923076923076923,0.8757981497737579,0.7165621225421656,0.9152955514929921,0.8438202247191011,0,9,11,False,,,,,
e66f25e175abab08ecb4e5f6859db64a211e0ddffb262d7e727b9d9bd4aad2d2.tif,Watershed,0.008648099999845726,0.9,bright,1.0,20,1,11,11,3,8,8,0.2727272727272727,0.2727272727272727,0.2727272727272727,0.15789473684210525,0.9619408624528706,0.262347507941692,0.9152955514929921,0.8438202247191011,0,9,11,False,,,,,
e66f25e175abab08ecb4e5f6859db64a211e0ddffb262d7e727b9d9bd4aad2d2.tif,StarDist Python,0.06205720000070869,0.5,,,,,11,10,10,0,1,1.0,0.9090909090909091,0.9523809523809523,0.9090909090909091,0.8578694743243078,0.8170185469755312,0.909952606635071,0.8347826086956521,1,,,,2D_versatile_fluo,1.0,99.8,0.479071463157368,0.3
e66f25e175abab08ecb4e5f6859db64a211e0ddffb262d7e727b9d9bd4aad2d2.tif,StarDist Python,0.06205720000070869,0.75,,,,,11,10,9,1,2,0.9,0.8181818181818182,0.8571428571428571,0.75,0.8725298685907946,0.7478827445063955,0.909952606635071,0.8347826086956521,1,,,,2D_versatile_fluo,1.0,99.8,0.479071463157368,0.3
e66f25e175abab08ecb4e5f6859db64a211e0ddffb262d7e727b9d9bd4aad2d2.tif,StarDist Python,0.06205720000070869,0.9,,,,,11,10,4,6,7,0.4,0.36363636363636365,0.38095238095238093,0.23529411764705882,0.9148143436447264,0.3485007023408481,0.909952606635071,0.8347826086956521,1,,,,2D_versatile_fluo,1.0,99.8,0.479071463157368,0.3
ec486143ecfec847c22cd8cbc207d85312bcf38e61c9b9a805e0d12add62da8d.tif,Otsu,0.004442900000867667,0.5,bright,1.0,20,1,11,10,9,1,2,0.9,0.8181818181818182,0.8571428571428571,0.75,0.9194359741172116,0.7880879778147528,0.9513766842413591,0.9072625698324023,1,,,,,,,,
ec486143ecfec847c22cd8cbc207d85312bcf38e61c9b9a805e0d12add62da8d.tif,Otsu,0.004442900000867667,0.75,bright,1.0,20,1,11,10,9,1,2,0.9,0.8181818181818182,0.8571428571428571,0.75,0.9194359741172116,0.7880879778147528,0.9513766842413591,0.9072625698324023,1,,,,,,,,
ec486143ecfec847c22cd8cbc207d85312bcf38e61c9b9a805e0d12add62da8d.tif,Otsu,0.004442900000867667,0.9,bright,1.0,20,1,11,10,7,3,4,0.7,0.6363636363636364,0.6666666666666666,0.5,0.9458076849433018,0.6305384566288679,0.9513766842413591,0.9072625698324023,1,,,,,,,,
ec486143ecfec847c22cd8cbc207d85312bcf38e61c9b9a805e0d12add62da8d.tif,Watershed,0.008265599997685058,0.5,bright,1.0,20,1,11,11,11,0,0,1.0,1.0,1.0,1.0,0.9086137593874365,0.9086137593874365,0.9513766842413591,0.9072625698324023,0,9,11,False,,,,,
ec486143ecfec847c22cd8cbc207d85312bcf38e61c9b9a805e0d12add62da8d.tif,Watershed,0.008265599997685058,0.75,bright,1.0,20,1,11,11,11,0,0,1.0,1.0,1.0,1.0,0.9086137593874365,0.9086137593874365,0.9513766842413591,0.9072625698324023,0,9,11,False,,,,,
ec486143ecfec847c22cd8cbc207d85312bcf38e61c9b9a805e0d12add62da8d.tif,Watershed,0.008265599997685058,0.9,bright,1.0,20,1,11,11,7,4,4,0.6363636363636364,0.6363636363636364,0.6363636363636364,0.4666666666666667,0.9458076849433018,0.6018776176911921,0.9513766842413591,0.9072625698324023,0,9,11,False,,,,,
ec486143ecfec847c22cd8cbc207d85312bcf38e61c9b9a805e0d12add62da8d.tif,StarDist Python,0.05966220000118483,0.5,,,,,11,10,10,0,1,1.0,0.9090909090909091,0.9523809523809523,0.9090909090909091,0.8095548729980269,0.7710046409505018,0.873642081189251,0.7756345177664975,1,,,,2D_versatile_fluo,1.0,99.8,0.479071463157368,0.3
ec486143ecfec847c22cd8cbc207d85312bcf38e61c9b9a805e0d12add62da8d.tif,StarDist Python,0.05966220000118483,0.75,,,,,11,10,10,0,1,1.0,0.9090909090909091,0.9523809523809523,0.9090909090909091,0.8095548729980269,0.7710046409505018,0.873642081189251,0.7756345177664975,1,,,,2D_versatile_fluo,1.0,99.8,0.479071463157368,0.3
ec486143ecfec847c22cd8cbc207d85312bcf38e61c9b9a805e0d12add62da8d.tif,StarDist Python,0.05966220000118483,0.9,,,,,11,10,0,10,11,0.0,0.0,0.0,0.0,0.0,0.0,0.873642081189251,0.7756345177664975,1,,,,2D_versatile_fluo,1.0,99.8,0.479071463157368,0.3
ee927e8255096971ddae1bd975cf80c4ad7c847c82d0b5f5dd2ddfe5407007ee.tif,Otsu,0.004656699999031844,0.5,bright,1.0,20,1,65,47,40,7,25,0.851063829787234,0.6153846153846154,0.7142857142857143,0.5555555555555556,0.8135162440896234,0.5810830314925882,0.862609554376003,0.7584111135228999,18,,,,,,,,
ee927e8255096971ddae1bd975cf80c4ad7c847c82d0b5f5dd2ddfe5407007ee.tif,Otsu,0.004656699999031844,0.75,bright,1.0,20,1,65,47,33,14,32,0.7021276595744681,0.5076923076923077,0.5892857142857143,0.4177215189873418,0.8483297095519186,0.49990857884309486,0.862609554376003,0.7584111135228999,18,,,,,,,,
ee927e8255096971ddae1bd975cf80c4ad7c847c82d0b5f5dd2ddfe5407007ee.tif,Otsu,0.004656699999031844,0.9,bright,1.0,20,1,65,47,6,41,59,0.1276595744680851,0.09230769230769231,0.10714285714285714,0.05660377358490566,0.9157019479620226,0.09811092299593101,0.862609554376003,0.7584111135228999,18,,,,,,,,
ee927e8255096971ddae1bd975cf80c4ad7c847c82d0b5f5dd2ddfe5407007ee.tif,Watershed,0.009319400000094902,0.5,bright,1.0,20,1,65,47,41,6,24,0.8723404255319149,0.6307692307692307,0.7321428571428571,0.5774647887323944,0.809566875719667,0.5927186054376133,0.8535825545171339,0.7445652173913043,18,9,47,False,,,,,
ee927e8255096971ddae1bd975cf80c4ad7c847c82d0b5f5dd2ddfe5407007ee.tif,Watershed,0.009319400000094902,0.75,bright,1.0,20,1,65,47,33,14,32,0.7021276595744681,0.5076923076923077,0.5892857142857143,0.4177215189873418,0.8459789663475168,0.4985233194547867,0.8535825545171339,0.7445652173913043,18,9,47,False,,,,,
ee927e8255096971ddae1bd975cf80c4ad7c847c82d0b5f5dd2ddfe5407007ee.tif,Watershed,0.009319400000094902,0.9,bright,1.0,20,1,65,47,6,41,59,0.1276595744680851,0.09230769230769231,0.10714285714285714,0.05660377358490566,0.9157019479620226,0.09811092299593101,0.8535825545171339,0.7445652173913043,18,9,47,False,,,,,
ee927e8255096971ddae1bd975cf80c4ad7c847c82d0b5f5dd2ddfe5407007ee.tif,StarDist Python,0.06372849999752361,0.5,,,,,65,49,46,3,19,0.9387755102040817,0.7076923076923077,0.8070175438596491,0.6764705882352942,0.7957321269644754,0.6421697866730854,0.8498062015503876,0.7388374052232519,16,,,,2D_versatile_fluo,1.0,99.8,0.479071463157368,0.3
ee927e8255096971ddae1bd975cf80c4ad7c847c82d0b5f5dd2ddfe5407007ee.tif,StarDist Python,0.06372849999752361,0.75,,,,,65,49,36,13,29,0.7346938775510204,0.5538461538461539,0.631578947368421,0.46153846153846156,0.8217391060754748,0.5189931196266157,0.8498062015503876,0.7388374052232519,16,,,,2D_versatile_fluo,1.0,99.8,0.479071463157368,0.3
ee927e8255096971ddae1bd975cf80c4ad7c847c82d0b5f5dd2ddfe5407007ee.tif,StarDist Python,0.06372849999752361,0.9,,,,,65,49,1,48,64,0.02040816326530612,0.015384615384615385,0.017543859649122806,0.008849557522123894,0.90625,0.015899122807017545,0.8498062015503876,0.7388374052232519,16,,,,2D_versatile_fluo,1.0,99.8,0.479071463157368,0.3
eeb142344e9de3250ab748f93940bf06be70d5078337680998468a134a101698.tif,Otsu,0.004474600002140505,0.5,bright,1.0,20,1,50,36,28,8,22,0.7777777777777778,0.56,0.6511627906976745,0.4827586206896552,0.7039033829454953,0.4583556912203225,0.7760381211708646,0.6340378197997776,14,,,,,,,,
eeb142344e9de3250ab748f93940bf06be70d5078337680998468a134a101698.tif,Otsu,0.004474600002140505,0.75,bright,1.0,20,1,50,36,12,24,38,0.3333333333333333,0.24,0.27906976744186046,0.16216216216216217,0.8214392760324299,0.22923886772998045,0.7760381211708646,0.6340378197997776,14,,,,,,,,
eeb142344e9de3250ab748f93940bf06be70d5078337680998468a134a101698.tif,Otsu,0.004474600002140505,0.9,bright,1.0,20,1,50,36,2,34,48,0.05555555555555555,0.04,0.046511627906976744,0.023809523809523808,0.9418181818181819,0.04380549682875265,0.7760381211708646,0.6340378197997776,14,,,,,,,,
eeb142344e9de3250ab748f93940bf06be70d5078337680998468a134a101698.tif,Watershed,0.00909719999981462,0.5,bright,1.0,20,1,50,35,28,7,22,0.8,0.56,0.6588235294117647,0.49122807017543857,0.7039033829454953,0.4637481111170322,0.7664654226125137,0.6213570634037819,15,9,35,False,,,,,
eeb142344e9de3250ab748f93940bf06be70d5078337680998468a134a101698.tif,Watershed,0.00909719999981462,0.75,bright,1.0,20,1,50,35,12,23,38,0.34285714285714286,0.24,0.2823529411764706,0.1643835616438356,0.8214392760324299,0.23193579558562727,0.7664654226125137,0.6213570634037819,15,9,35,False,,,,,
eeb142344e9de3250ab748f93940bf06be70d5078337680998468a134a101698.tif,Watershed,0.00909719999981462,0.9,bright,1.0,20,1,50,35,2,33,48,0.05714285714285714,0.04,0.047058823529411764,0.024096385542168676,0.9418181818181819,0.044320855614973266,0.7664654226125137,0.6213570634037819,15,9,35,False,,,,,
eeb142344e9de3250ab748f93940bf06be70d5078337680998468a134a101698.tif,StarDist Python,0.06396310000127414,0.5,,,,,50,43,41,2,9,0.9534883720930233,0.82,0.8817204301075269,0.7884615384615384,0.7988543553086094,0.7043662057559781,0.8705737199259717,0.7708105746121914,7,,,,2D_versatile_fluo,1.0,99.8,0.479071463157368,0.3
eeb142344e9de3250ab748f93940bf06be70d5078337680998468a134a101698.tif,StarDist Python,0.06396310000127414,0.75,,,,,50,43,34,9,16,0.7906976744186046,0.68,0.7311827956989247,0.576271186440678,0.8297996644085512,0.606735238492274,0.8705737199259717,0.7708105746121914,7,,,,2D_versatile_fluo,1.0,99.8,0.479071463157368,0.3
eeb142344e9de3250ab748f93940bf06be70d5078337680998468a134a101698.tif,StarDist Python,0.06396310000127414,0.9,,,,,50,43,3,40,47,0.06976744186046512,0.06,0.06451612903225806,0.03333333333333333,0.9147365591956863,0.05901526188359267,0.8705737199259717,0.7708105746121914,7,,,,2D_versatile_fluo,1.0,99.8,0.479071463157368,0.3
f26f4c2c70c38fe12e00d5a814d5116691f2ca548908126923fd76ddd665ed24.tif,Otsu,0.004425999999511987,0.5,bright,1.0,20,1,52,44,35,9,17,0.7954545454545454,0.6730769230769231,0.7291666666666666,0.5737704918032787,0.5743181582566051,0.4187736570621079,0.7129898179574206,0.5539892596854622,8,,,,,,,,
f26f4c2c70c38fe12e00d5a814d5116691f2ca548908126923fd76ddd665ed24.tif,Otsu,0.004425999999511987,0.75,bright,1.0,20,1,52,44,0,44,52,0.0,0.0,0.0,0.0,0.0,0.0,0.7129898179574206,0.5539892596854622,8,,,,,,,,
f26f4c2c70c38fe12e00d5a814d5116691f2ca548908126923fd76ddd665ed24.tif,Otsu,0.004425999999511987,0.9,bright,1.0,20,1,52,44,0,44,52,0.0,0.0,0.0,0.0,0.0,0.0,0.7129898179574206,0.5539892596854622,8,,,,,,,,
f26f4c2c70c38fe12e00d5a814d5116691f2ca548908126923fd76ddd665ed24.tif,Watershed,0.010335200000554323,0.5,bright,1.0,20,1,52,46,38,8,14,0.8260869565217391,0.7307692307692307,0.7755102040816326,0.6333333333333333,0.5731799385958092,0.44450689115593367,0.7129898179574206,0.5539892596854622,6,9,46,False,,,,,
f26f4c2c70c38fe12e00d5a814d5116691f2ca548908126923fd76ddd665ed24.tif,Watershed,0.010335200000554323,0.75,bright,1.0,20,1,52,46,0,46,52,0.0,0.0,0.0,0.0,0.0,0.0,0.7129898179574206,0.5539892596854622,6,9,46,False,,,,,
f26f4c2c70c38fe12e00d5a814d5116691f2ca548908126923fd76ddd665ed24.tif,Watershed,0.010335200000554323,0.9,bright,1.0,20,1,52,46,0,46,52,0.0,0.0,0.0,0.0,0.0,0.0,0.7129898179574206,0.5539892596854622,6,9,46,False,,,,,
f26f4c2c70c38fe12e00d5a814d5116691f2ca548908126923fd76ddd665ed24.tif,StarDist Python,0.07437940000090748,0.5,,,,,52,44,42,2,10,0.9545454545454546,0.8076923076923077,0.875,0.7777777777777778,0.8294687353935466,0.7257851434693533,0.8855304967836937,0.7945757997218359,8,,,,2D_versatile_fluo,1.0,99.8,0.479071463157368,0.3
f26f4c2c70c38fe12e00d5a814d5116691f2ca548908126923fd76ddd665ed24.tif,StarDist Python,0.07437940000090748,0.75,,,,,52,44,34,10,18,0.7727272727272727,0.6538461538461539,0.7083333333333334,0.5483870967741935,0.8635925059989077,0.611711358415893,0.8855304967836937,0.7945757997218359,8,,,,2D_versatile_fluo,1.0,99.8,0.479071463157368,0.3
f26f4c2c70c38fe12e00d5a814d5116691f2ca548908126923fd76ddd665ed24.tif,StarDist Python,0.07437940000090748,0.9,,,,,52,44,14,30,38,0.3181818181818182,0.2692307692307692,0.2916666666666667,0.17073170731707318,0.938280461974033,0.2736651347424263,0.8855304967836937,0.7945757997218359,8,,,,2D_versatile_fluo,1.0,99.8,0.479071463157368,0.3
feffce59a1a3eb0a6a05992bb7423c39c7d52865846da36d89e2a72c379e5398.tif,Otsu,0.0044589999997697305,0.5,bright,1.0,20,1,38,30,22,8,16,0.7333333333333333,0.5789473684210527,0.6470588235294118,0.4782608695652174,0.7872387000551132,0.509389747094485,0.8458197611292074,0.7328316086547507,8,,,,,,,,
feffce59a1a3eb0a6a05992bb7423c39c7d52865846da36d89e2a72c379e5398.tif,Otsu,0.0044589999997697305,0.75,bright,1.0,20,1,38,30,16,14,22,0.5333333333333333,0.42105263157894735,0.47058823529411764,0.3076923076923077,0.8361783509191338,0.39349569455018063,0.8458197611292074,0.7328316086547507,8,,,,,,,,
feffce59a1a3eb0a6a05992bb7423c39c7d52865846da36d89e2a72c379e5398.tif,Otsu,0.0044589999997697305,0.9,bright,1.0,20,1,38,30,3,27,35,0.1,0.07894736842105263,0.08823529411764706,0.046153846153846156,0.9098580744150365,0.08028159480132675,0.8458197611292074,0.7328316086547507,8,,,,,,,,
feffce59a1a3eb0a6a05992bb7423c39c7d52865846da36d89e2a72c379e5398.tif,Watershed,0.00889630000165198,0.5,bright,1.0,20,1,38,31,24,7,14,0.7741935483870968,0.631578947368421,0.6956521739130435,0.5333333333333333,0.7798741114141565,0.542521120983761,0.8458197611292074,0.7328316086547507,7,9,31,False,,,,,
feffce59a1a3eb0a6a05992bb7423c39c7d52865846da36d89e2a72c379e5398.tif,Watershed,0.00889630000165198,0.75,bright,1.0,20,1,38,31,16,15,22,0.5161290322580645,0.42105263157894735,0.463768115942029,0.3018867924528302,0.8361783509191338,0.38779285839727945,0.8458197611292074,0.7328316086547507,7,9,31,False,,,,,
feffce59a1a3eb0a6a05992bb7423c39c7d52865846da36d89e2a72c379e5398.tif,Watershed,0.00889630000165198,0.9,bright,1.0,20,1,38,31,3,28,35,0.0967741935483871,0.07894736842105263,0.08695652173913043,0.045454545454545456,0.9098580744150365,0.07911809342739448,0.8458197611292074,0.7328316086547507,7,9,31,False,,,,,
feffce59a1a3eb0a6a05992bb7423c39c7d52865846da36d89e2a72c379e5398.tif,StarDist Python,0.06083790000047884,0.5,,,,,38,35,32,3,6,0.9142857142857143,0.8421052631578947,0.8767123287671232,0.7804878048780488,0.752206245240499,0.6594684889779717,0.8558271342543393,0.7479876160990712,3,,,,2D_versatile_fluo,1.0,99.8,0.479071463157368,0.3
feffce59a1a3eb0a6a05992bb7423c39c7d52865846da36d89e2a72c379e5398.tif,StarDist Python,0.06083790000047884,0.75,,,,,38,35,20,15,18,0.5714285714285714,0.5263157894736842,0.547945205479452,0.37735849056603776,0.8146477052728318,0.4463823042590859,0.8558271342543393,0.7479876160990712,3,,,,2D_versatile_fluo,1.0,99.8,0.479071463157368,0.3
feffce59a1a3eb0a6a05992bb7423c39c7d52865846da36d89e2a72c379e5398.tif,StarDist Python,0.06083790000047884,0.9,,,,,38,35,0,35,38,0.0,0.0,0.0,0.0,0.0,0.0,0.8558271342543393,0.7479876160990712,3,,,,2D_versatile_fluo,1.0,99.8,0.479071463157368,0.3
ff599c7301daa1f783924ac8cbe3ce7b42878f15a39c2d19659189951f540f48.tif,Otsu,0.007453800000803312,0.5,bright,1.0,20,1,24,20,18,2,6,0.9,0.75,0.8181818181818182,0.6923076923076923,0.8721131755578172,0.713547143638214,0.9622825473392518,0.927306893482346,4,,,,,,,,
ff599c7301daa1f783924ac8cbe3ce7b42878f15a39c2d19659189951f540f48.tif,Otsu,0.007453800000803312,0.75,bright,1.0,20,1,24,20,15,5,9,0.75,0.625,0.6818181818181818,0.5172413793103449,0.9218883486890076,0.6285602377425051,0.9622825473392518,0.927306893482346,4,,,,,,,,
ff599c7301daa1f783924ac8cbe3ce7b42878f15a39c2d19659189951f540f48.tif,Otsu,0.007453800000803312,0.9,bright,1.0,20,1,24,20,11,9,13,0.55,0.4583333333333333,0.5,0.3333333333333333,0.9425995977823161,0.47129979889115803,0.9622825473392518,0.927306893482346,4,,,,,,,,
ff599c7301daa1f783924ac8cbe3ce7b42878f15a39c2d19659189951f540f48.tif,Watershed,0.018874800000048708,0.5,bright,1.0,20,1,24,28,23,5,1,0.8214285714285714,0.9583333333333334,0.8846153846153846,0.7931034482758621,0.882725625541216,0.7808726687479989,0.9622825473392518,0.927306893482346,4,9,28,False,,,,,
ff599c7301daa1f783924ac8cbe3ce7b42878f15a39c2d19659189951f540f48.tif,Watershed,0.018874800000048708,0.75,bright,1.0,20,1,24,28,20,8,4,0.7142857142857143,0.8333333333333334,0.7692307692307693,0.625,0.9204690006650622,0.7080530774346633,0.9622825473392518,0.927306893482346,4,9,28,False,,,,,
ff599c7301daa1f783924ac8cbe3ce7b42878f15a39c2d19659189951f540f48.tif,Watershed,0.018874800000048708,0.9,bright,1.0,20,1,24,28,14,14,10,0.5,0.5833333333333334,0.5384615384615384,0.3684210526315789,0.9410937501605996,0.5067427885480151,0.9622825473392518,0.927306893482346,4,9,28,False,,,,,
ff599c7301daa1f783924ac8cbe3ce7b42878f15a39c2d19659189951f540f48.tif,StarDist Python,0.11381990000154474,0.5,,,,,24,23,23,0,1,1.0,0.9583333333333334,0.9787234042553191,0.9583333333333334,0.9291786945469053,0.9094089350884605,0.9694902687673772,0.9407871069861141,1,,,,2D_versatile_fluo,1.0,99.8,0.479071463157368,0.3
ff599c7301daa1f783924ac8cbe3ce7b42878f15a39c2d19659189951f540f48.tif,StarDist Python,0.11381990000154474,0.75,,,,,24,23,23,0,1,1.0,0.9583333333333334,0.9787234042553191,0.9583333333333334,0.9291786945469053,0.9094089350884605,0.9694902687673772,0.9407871069861141,1,,,,2D_versatile_fluo,1.0,99.8,0.479071463157368,0.3
ff599c7301daa1f783924ac8cbe3ce7b42878f15a39c2d19659189951f540f48.tif,StarDist Python,0.11381990000154474,0.9,,,,,24,23,18,5,6,0.782608695652174,0.75,0.7659574468085106,0.6206896551724138,0.9429932773353826,0.7222927230653995,0.9694902687673772,0.9407871069861141,1,,,,2D_versatile_fluo,1.0,99.8,0.479071463157368,0.3
